,0,1,2,3,4,5,6,7,8,9,10,11,12,13,14,15
PYP,-20,-2.5,5.3,0.4,0.49,1.96,121.6,0.19,-20,-2.5,5.3,0.4,0.49,1.96,121.6,0.19
LLHSPP,145,0.92,8.6,1.3,1.36,16.64,163.1,-0.37,-20,-2.5,5.3,0.4,0.49,1.96,121.6,0.19
LEPP,145,0.92,8.6,1.3,1.36,16.64,163.1,-0.37,-20,-2.5,5.3,0.4,0.49,1.96,121.6,0.19
ALEP,16,0.96,7.9,0.92,1.43,9.36,89.3,-0.04,-20,-2.5,5.3,0.4,0.49,1.96,121.6,0.19
AWPF,16,0.96,7.9,0.92,1.43,9.36,89.3,-0.04,189,0.59,3.9,1.25,1.19,10.99,190.8,-0.38
NMAINPSK,-74,0.39,4,0.6,0.64,2.31,122.4,0.13,-141,0.73,6.7,0.7,1.27,0.58,165.1,0.33
LTDLENLHLP,145,0.92,8.6,1.3,1.36,16.64,163.1,-0.37,-20,-2.5,5.3,0.4,0.49,1.96,121.6,0.19
DKIHP,-78,0.42,5.5,0.48,0.92,0.94,114.4,0.19,-20,-2.5,5.3,0.4,0.49,1.96,121.6,0.19
HFEAMR,50,0.57,2.1,0.93,0.98,0.47,157.5,-0.04,-70,0.77,4.9,0.93,1.18,0.27,190.3,0.07
YLGY,53,0.72,3.1,1.53,0.69,3.13,194.6,-0.29,53,0.72,3.1,1.53,0.69,3.13,194.6,-0.29
STYQT,-70,0.53,6.6,0.82,0.7,5.58,94.2,0.12,-38,0.54,5.3,1.12,0.78,4.68,119.6,0.03
KWL,-141,0.73,6.7,0.7,1.27,0.58,165.1,0.33,145,0.92,8.6,1.3,1.36,16.64,163.1,-0.37
QAFT,-73,0.8,4.4,0.95,1.22,1.14,146.9,0.14,-38,0.54,5.3,1.12,0.78,4.68,119.6,0.03
GS,-13,0,7.1,0.61,0.46,6.17,63.8,0.09,-70,0.53,6.6,0.82,0.7,5.58,94.2,0.12
FW,189,0.59,3.9,1.25,1.19,10.99,190.8,-0.38,145,0.58,1.2,1.54,1.01,2.2,226.4,-0.33
VAP,123,0.63,6.8,1.81,0.98,12.43,138.2,-0.29,-20,-2.5,5.3,0.4,0.49,1.96,121.6,0.19
LMGP,145,0.92,8.6,1.3,1.36,16.64,163.1,-0.37,-20,-2.5,5.3,0.4,0.49,1.96,121.6,0.19
GD,-13,0,7.1,0.61,0.46,6.17,63.8,0.09,-78,0.42,5.5,0.48,0.92,0.94,114.4,0.19
QPIP,-73,0.8,4.4,0.95,1.22,1.14,146.9,0.14,-20,-2.5,5.3,0.4,0.49,1.96,121.6,0.19
KP,-141,0.73,6.7,0.7,1.27,0.58,165.1,0.33,-20,-2.5,5.3,0.4,0.49,1.96,121.6,0.19
GYALPHA,-13,0,7.1,0.61,0.46,6.17,63.8,0.09,16,0.96,7.9,0.92,1.43,9.36,89.3,-0.04
FPQYLQY,189,0.59,3.9,1.25,1.19,10.99,190.8,-0.38,53,0.72,3.1,1.53,0.69,3.13,194.6,-0.29
KG,-141,0.73,6.7,0.7,1.27,0.58,165.1,0.33,-13,0,7.1,0.61,0.46,6.17,63.8,0.09
ALPHA,16,0.96,7.9,0.92,1.43,9.36,89.3,-0.04,16,0.96,7.9,0.92,1.43,9.36,89.3,-0.04
QSLTL,-73,0.8,4.4,0.95,1.22,1.14,146.9,0.14,145,0.92,8.6,1.3,1.36,16.64,163.1,-0.37
IGGSI,151,0.84,5.2,1.81,1.04,13.73,163,-0.34,151,0.84,5.2,1.81,1.04,13.73,163,-0.34
VHLPPP,123,0.63,6.8,1.81,0.98,12.43,138.2,-0.29,-20,-2.5,5.3,0.4,0.49,1.96,121.6,0.19
VRGP,123,0.63,6.8,1.81,0.98,12.43,138.2,-0.29,-20,-2.5,5.3,0.4,0.49,1.96,121.6,0.19
RR,-70,0.77,4.9,0.93,1.18,0.27,190.3,0.07,-70,0.77,4.9,0.93,1.18,0.27,190.3,0.07
MAP,124,0.86,2.4,1.19,1.53,3.93,165.8,-0.3,-20,-2.5,5.3,0.4,0.49,1.96,121.6,0.19
VVY,123,0.63,6.8,1.81,0.98,12.43,138.2,-0.29,53,0.72,3.1,1.53,0.69,3.13,194.6,-0.29
RS,-70,0.77,4.9,0.93,1.18,0.27,190.3,0.07,-70,0.53,6.6,0.82,0.7,5.58,94.2,0.12
KTEIPTIN,-141,0.73,6.7,0.7,1.27,0.58,165.1,0.33,-74,0.39,4,0.6,0.64,2.31,122.4,0.13
WYSLAMA,145,0.58,1.2,1.54,1.01,2.2,226.4,-0.33,16,0.96,7.9,0.92,1.43,9.36,89.3,-0.04
PL,-20,-2.5,5.3,0.4,0.49,1.96,121.6,0.19,145,0.92,8.6,1.3,1.36,16.64,163.1,-0.37
SLVYP,-70,0.53,6.6,0.82,0.7,5.58,94.2,0.12,-20,-2.5,5.3,0.4,0.49,1.96,121.6,0.19
KDVPP,-141,0.73,6.7,0.7,1.27,0.58,165.1,0.33,-20,-2.5,5.3,0.4,0.49,1.96,121.6,0.19
PSGQYY,-20,-2.5,5.3,0.4,0.49,1.96,121.6,0.19,53,0.72,3.1,1.53,0.69,3.13,194.6,-0.29
GPIGPA,-13,0,7.1,0.61,0.46,6.17,63.8,0.09,16,0.96,7.9,0.92,1.43,9.36,89.3,-0.04
TVPY,-38,0.54,5.3,1.12,0.78,4.68,119.6,0.03,53,0.72,3.1,1.53,0.69,3.13,194.6,-0.29
IAYKPAG,151,0.84,5.2,1.81,1.04,13.73,163,-0.34,-13,0,7.1,0.61,0.46,6.17,63.8,0.09
KKPTHIKWGD,-141,0.73,6.7,0.7,1.27,0.58,165.1,0.33,-78,0.42,5.5,0.48,0.92,0.94,114.4,0.19
IY,151,0.84,5.2,1.81,1.04,13.73,163,-0.34,53,0.72,3.1,1.53,0.69,3.13,194.6,-0.29
KF,-141,0.73,6.7,0.7,1.27,0.58,165.1,0.33,189,0.59,3.9,1.25,1.19,10.99,190.8,-0.38
KVHSSIQSQPQAFT,-141,0.73,6.7,0.7,1.27,0.58,165.1,0.33,-38,0.54,5.3,1.12,0.78,4.68,119.6,0.03
LKPTPEGN,145,0.92,8.6,1.3,1.36,16.64,163.1,-0.37,-74,0.39,4,0.6,0.64,2.31,122.4,0.13
SEPKAIP,-70,0.53,6.6,0.82,0.7,5.58,94.2,0.12,-20,-2.5,5.3,0.4,0.49,1.96,121.6,0.19
LLNPPHQIYP,145,0.92,8.6,1.3,1.36,16.64,163.1,-0.37,-20,-2.5,5.3,0.4,0.49,1.96,121.6,0.19
GE,-13,0,7.1,0.61,0.46,6.17,63.8,0.09,-106,0.53,7.1,0.61,1.67,0.94,138.8,0.23
GR,-13,0,7.1,0.61,0.46,6.17,63.8,0.09,-70,0.77,4.9,0.93,1.18,0.27,190.3,0.07
FCVLRP,189,0.59,3.9,1.25,1.19,10.99,190.8,-0.38,-20,-2.5,5.3,0.4,0.49,1.96,121.6,0.19
ALPP,16,0.96,7.9,0.92,1.43,9.36,89.3,-0.04,-20,-2.5,5.3,0.4,0.49,1.96,121.6,0.19
VDSDVVKG,123,0.63,6.8,1.81,0.98,12.43,138.2,-0.29,-13,0,7.1,0.61,0.46,6.17,63.8,0.09
PLP,-20,-2.5,5.3,0.4,0.49,1.96,121.6,0.19,-20,-2.5,5.3,0.4,0.49,1.96,121.6,0.19
KVLPG,-141,0.73,6.7,0.7,1.27,0.58,165.1,0.33,-13,0,7.1,0.61,0.46,6.17,63.8,0.09
GPAGAPGAA,-13,0,7.1,0.61,0.46,6.17,63.8,0.09,16,0.96,7.9,0.92,1.43,9.36,89.3,-0.04
LRP,145,0.92,8.6,1.3,1.36,16.64,163.1,-0.37,-20,-2.5,5.3,0.4,0.49,1.96,121.6,0.19
LLMPK,145,0.92,8.6,1.3,1.36,16.64,163.1,-0.37,-141,0.73,6.7,0.7,1.27,0.58,165.1,0.33
VTPALR,123,0.63,6.8,1.81,0.98,12.43,138.2,-0.29,-70,0.77,4.9,0.93,1.18,0.27,190.3,0.07
KDERF,-141,0.73,6.7,0.7,1.27,0.58,165.1,0.33,189,0.59,3.9,1.25,1.19,10.99,190.8,-0.38
NENLLRFFVAPFPEVFG,-74,0.39,4,0.6,0.64,2.31,122.4,0.13,-13,0,7.1,0.61,0.46,6.17,63.8,0.09
TTENVLFG,-38,0.54,5.3,1.12,0.78,4.68,119.6,0.03,-13,0,7.1,0.61,0.46,6.17,63.8,0.09
ITT,151,0.84,5.2,1.81,1.04,13.73,163,-0.34,-38,0.54,5.3,1.12,0.78,4.68,119.6,0.03
YGFLP,53,0.72,3.1,1.53,0.69,3.13,194.6,-0.29,-20,-2.5,5.3,0.4,0.49,1.96,121.6,0.19
KLP,-141,0.73,6.7,0.7,1.27,0.58,165.1,0.33,-20,-2.5,5.3,0.4,0.49,1.96,121.6,0.19
SWVE,-70,0.53,6.6,0.82,0.7,5.58,94.2,0.12,-106,0.53,7.1,0.61,1.67,0.94,138.8,0.23
ENLHLP,-106,0.53,7.1,0.61,1.67,0.94,138.8,0.23,-20,-2.5,5.3,0.4,0.49,1.96,121.6,0.19
FSDKIAK,189,0.59,3.9,1.25,1.19,10.99,190.8,-0.38,-141,0.73,6.7,0.7,1.27,0.58,165.1,0.33
LKP,145,0.92,8.6,1.3,1.36,16.64,163.1,-0.37,-20,-2.5,5.3,0.4,0.49,1.96,121.6,0.19
QPLIYP,-73,0.8,4.4,0.95,1.22,1.14,146.9,0.14,-20,-2.5,5.3,0.4,0.49,1.96,121.6,0.19
HLFGPPGKKDPV,50,0.57,2.1,0.93,0.98,0.47,157.5,-0.04,123,0.63,6.8,1.81,0.98,12.43,138.2,-0.29
YPFPGPIP,53,0.72,3.1,1.53,0.69,3.13,194.6,-0.29,-20,-2.5,5.3,0.4,0.49,1.96,121.6,0.19
DVITGA,-78,0.42,5.5,0.48,0.92,0.94,114.4,0.19,16,0.96,7.9,0.92,1.43,9.36,89.3,-0.04
YNKL,53,0.72,3.1,1.53,0.69,3.13,194.6,-0.29,145,0.92,8.6,1.3,1.36,16.64,163.1,-0.37
FALPQY,189,0.59,3.9,1.25,1.19,10.99,190.8,-0.38,53,0.72,3.1,1.53,0.69,3.13,194.6,-0.29
IFVPAF,151,0.84,5.2,1.81,1.04,13.73,163,-0.34,189,0.59,3.9,1.25,1.19,10.99,190.8,-0.38
LENLHLPLP,145,0.92,8.6,1.3,1.36,16.64,163.1,-0.37,-20,-2.5,5.3,0.4,0.49,1.96,121.6,0.19
ILP,151,0.84,5.2,1.81,1.04,13.73,163,-0.34,-20,-2.5,5.3,0.4,0.49,1.96,121.6,0.19
VPSERYL,123,0.63,6.8,1.81,0.98,12.43,138.2,-0.29,145,0.92,8.6,1.3,1.36,16.64,163.1,-0.37
LEIVPK,145,0.92,8.6,1.3,1.36,16.64,163.1,-0.37,-141,0.73,6.7,0.7,1.27,0.58,165.1,0.33
ERKIKVYL,-106,0.53,7.1,0.61,1.67,0.94,138.8,0.23,145,0.92,8.6,1.3,1.36,16.64,163.1,-0.37
WYSLA,145,0.58,1.2,1.54,1.01,2.2,226.4,-0.33,16,0.96,7.9,0.92,1.43,9.36,89.3,-0.04
KLSDW,-141,0.73,6.7,0.7,1.27,0.58,165.1,0.33,145,0.58,1.2,1.54,1.01,2.2,226.4,-0.33
MRWRD,124,0.86,2.4,1.19,1.53,3.93,165.8,-0.3,-78,0.42,5.5,0.48,0.92,0.94,114.4,0.19
LAPSLPGKPKPD,145,0.92,8.6,1.3,1.36,16.64,163.1,-0.37,-78,0.42,5.5,0.48,0.92,0.94,114.4,0.19
KPGRP,-141,0.73,6.7,0.7,1.27,0.58,165.1,0.33,-20,-2.5,5.3,0.4,0.49,1.96,121.6,0.19
VKKVLGNP,123,0.63,6.8,1.81,0.98,12.43,138.2,-0.29,-20,-2.5,5.3,0.4,0.49,1.96,121.6,0.19
YANPAVVRP,53,0.72,3.1,1.53,0.69,3.13,194.6,-0.29,-20,-2.5,5.3,0.4,0.49,1.96,121.6,0.19
GP,-13,0,7.1,0.61,0.46,6.17,63.8,0.09,-20,-2.5,5.3,0.4,0.49,1.96,121.6,0.19
FC,189,0.59,3.9,1.25,1.19,10.99,190.8,-0.38,168,0.42,1.9,1.16,0.94,2.56,102.5,-0.38
HIK,50,0.57,2.1,0.93,0.98,0.47,157.5,-0.04,-141,0.73,6.7,0.7,1.27,0.58,165.1,0.33
TKTGRSAHVLSRYRPRA,-38,0.54,5.3,1.12,0.78,4.68,119.6,0.03,16,0.96,7.9,0.92,1.43,9.36,89.3,-0.04
GG,-13,0,7.1,0.61,0.46,6.17,63.8,0.09,-13,0,7.1,0.61,0.46,6.17,63.8,0.09
VMP,123,0.63,6.8,1.81,0.98,12.43,138.2,-0.29,-20,-2.5,5.3,0.4,0.49,1.96,121.6,0.19
IL,151,0.84,5.2,1.81,1.04,13.73,163,-0.34,145,0.92,8.6,1.3,1.36,16.64,163.1,-0.37
AHHP,16,0.96,7.9,0.92,1.43,9.36,89.3,-0.04,-20,-2.5,5.3,0.4,0.49,1.96,121.6,0.19
QTQSLVYP,-73,0.8,4.4,0.95,1.22,1.14,146.9,0.14,-20,-2.5,5.3,0.4,0.49,1.96,121.6,0.19
VIKP,123,0.63,6.8,1.81,0.98,12.43,138.2,-0.29,-20,-2.5,5.3,0.4,0.49,1.96,121.6,0.19
YTVF,53,0.72,3.1,1.53,0.69,3.13,194.6,-0.29,189,0.59,3.9,1.25,1.19,10.99,190.8,-0.38
RINKK,-70,0.77,4.9,0.93,1.18,0.27,190.3,0.07,-141,0.73,6.7,0.7,1.27,0.58,165.1,0.33
YLAGNQ,53,0.72,3.1,1.53,0.69,3.13,194.6,-0.29,-73,0.8,4.4,0.95,1.22,1.14,146.9,0.14
WHHT,145,0.58,1.2,1.54,1.01,2.2,226.4,-0.33,-38,0.54,5.3,1.12,0.78,4.68,119.6,0.03
PQAFP,-20,-2.5,5.3,0.4,0.49,1.96,121.6,0.19,-20,-2.5,5.3,0.4,0.49,1.96,121.6,0.19
VTR,123,0.63,6.8,1.81,0.98,12.43,138.2,-0.29,-70,0.77,4.9,0.93,1.18,0.27,190.3,0.07
LHLP,145,0.92,8.6,1.3,1.36,16.64,163.1,-0.37,-20,-2.5,5.3,0.4,0.49,1.96,121.6,0.19
RF,-70,0.77,4.9,0.93,1.18,0.27,190.3,0.07,189,0.59,3.9,1.25,1.19,10.99,190.8,-0.38
RIGLF,-70,0.77,4.9,0.93,1.18,0.27,190.3,0.07,189,0.59,3.9,1.25,1.19,10.99,190.8,-0.38
PQNILP,-20,-2.5,5.3,0.4,0.49,1.96,121.6,0.19,-20,-2.5,5.3,0.4,0.49,1.96,121.6,0.19
RLPSEFDLSAFLRA,-70,0.77,4.9,0.93,1.18,0.27,190.3,0.07,16,0.96,7.9,0.92,1.43,9.36,89.3,-0.04
RG,-70,0.77,4.9,0.93,1.18,0.27,190.3,0.07,-13,0,7.1,0.61,0.46,6.17,63.8,0.09
NKPGDML,-74,0.39,4,0.6,0.64,2.31,122.4,0.13,145,0.92,8.6,1.3,1.36,16.64,163.1,-0.37
TPTQQS,-38,0.54,5.3,1.12,0.78,4.68,119.6,0.03,-70,0.53,6.6,0.82,0.7,5.58,94.2,0.12
AVV,16,0.96,7.9,0.92,1.43,9.36,89.3,-0.04,123,0.63,6.8,1.81,0.98,12.43,138.2,-0.29
QK,-73,0.8,4.4,0.95,1.22,1.14,146.9,0.14,-141,0.73,6.7,0.7,1.27,0.58,165.1,0.33
WPERPPQIP,145,0.58,1.2,1.54,1.01,2.2,226.4,-0.33,-20,-2.5,5.3,0.4,0.49,1.96,121.6,0.19
KALPMHIRLAF,-141,0.73,6.7,0.7,1.27,0.58,165.1,0.33,189,0.59,3.9,1.25,1.19,10.99,190.8,-0.38
RGLSK,-70,0.77,4.9,0.93,1.18,0.27,190.3,0.07,-141,0.73,6.7,0.7,1.27,0.58,165.1,0.33
TVY,-38,0.54,5.3,1.12,0.78,4.68,119.6,0.03,53,0.72,3.1,1.53,0.69,3.13,194.6,-0.29
FRAHPFL,189,0.59,3.9,1.25,1.19,10.99,190.8,-0.38,145,0.92,8.6,1.3,1.36,16.64,163.1,-0.37
KR,-141,0.73,6.7,0.7,1.27,0.58,165.1,0.33,-70,0.77,4.9,0.93,1.18,0.27,190.3,0.07
AMK,16,0.96,7.9,0.92,1.43,9.36,89.3,-0.04,-141,0.73,6.7,0.7,1.27,0.58,165.1,0.33
LTGP,145,0.92,8.6,1.3,1.36,16.64,163.1,-0.37,-20,-2.5,5.3,0.4,0.49,1.96,121.6,0.19
PTHIDW,-20,-2.5,5.3,0.4,0.49,1.96,121.6,0.19,145,0.58,1.2,1.54,1.01,2.2,226.4,-0.33
GF,-13,0,7.1,0.61,0.46,6.17,63.8,0.09,189,0.59,3.9,1.25,1.19,10.99,190.8,-0.38
VAE,123,0.63,6.8,1.81,0.98,12.43,138.2,-0.29,-106,0.53,7.1,0.61,1.67,0.94,138.8,0.23
GQ,-13,0,7.1,0.61,0.46,6.17,63.8,0.09,-73,0.8,4.4,0.95,1.22,1.14,146.9,0.14
ALPMHIR,16,0.96,7.9,0.92,1.43,9.36,89.3,-0.04,-70,0.77,4.9,0.93,1.18,0.27,190.3,0.07
PAAPPK,-20,-2.5,5.3,0.4,0.49,1.96,121.6,0.19,-141,0.73,6.7,0.7,1.27,0.58,165.1,0.33
IAV,151,0.84,5.2,1.81,1.04,13.73,163,-0.34,123,0.63,6.8,1.81,0.98,12.43,138.2,-0.29
FYQQ,189,0.59,3.9,1.25,1.19,10.99,190.8,-0.38,-73,0.8,4.4,0.95,1.22,1.14,146.9,0.14
SIQSQPQAFP,-70,0.53,6.6,0.82,0.7,5.58,94.2,0.12,-20,-2.5,5.3,0.4,0.49,1.96,121.6,0.19
LIY,145,0.92,8.6,1.3,1.36,16.64,163.1,-0.37,53,0.72,3.1,1.53,0.69,3.13,194.6,-0.29
GPSMR,-13,0,7.1,0.61,0.46,6.17,63.8,0.09,-70,0.77,4.9,0.93,1.18,0.27,190.3,0.07
YPLDLF,53,0.72,3.1,1.53,0.69,3.13,194.6,-0.29,189,0.59,3.9,1.25,1.19,10.99,190.8,-0.38
IWH,151,0.84,5.2,1.81,1.04,13.73,163,-0.34,50,0.57,2.1,0.93,0.98,0.47,157.5,-0.04
AIYK,16,0.96,7.9,0.92,1.43,9.36,89.3,-0.04,-141,0.73,6.7,0.7,1.27,0.58,165.1,0.33
LHLWLP,145,0.92,8.6,1.3,1.36,16.64,163.1,-0.37,-20,-2.5,5.3,0.4,0.49,1.96,121.6,0.19
LGV,145,0.92,8.6,1.3,1.36,16.64,163.1,-0.37,123,0.63,6.8,1.81,0.98,12.43,138.2,-0.29
LRW,145,0.92,8.6,1.3,1.36,16.64,163.1,-0.37,145,0.58,1.2,1.54,1.01,2.2,226.4,-0.33
YPLDL,53,0.72,3.1,1.53,0.69,3.13,194.6,-0.29,145,0.92,8.6,1.3,1.36,16.64,163.1,-0.37
KYPVQPFTESQSLTL,-141,0.73,6.7,0.7,1.27,0.58,165.1,0.33,145,0.92,8.6,1.3,1.36,16.64,163.1,-0.37
PAP,-20,-2.5,5.3,0.4,0.49,1.96,121.6,0.19,-20,-2.5,5.3,0.4,0.49,1.96,121.6,0.19
PLW,-20,-2.5,5.3,0.4,0.49,1.96,121.6,0.19,145,0.58,1.2,1.54,1.01,2.2,226.4,-0.33
YQIGL,53,0.72,3.1,1.53,0.69,3.13,194.6,-0.29,145,0.92,8.6,1.3,1.36,16.64,163.1,-0.37
VAA,123,0.63,6.8,1.81,0.98,12.43,138.2,-0.29,16,0.96,7.9,0.92,1.43,9.36,89.3,-0.04
QGP,-73,0.8,4.4,0.95,1.22,1.14,146.9,0.14,-20,-2.5,5.3,0.4,0.49,1.96,121.6,0.19
FQ,189,0.59,3.9,1.25,1.19,10.99,190.8,-0.38,-73,0.8,4.4,0.95,1.22,1.14,146.9,0.14
VAV,123,0.63,6.8,1.81,0.98,12.43,138.2,-0.29,123,0.63,6.8,1.81,0.98,12.43,138.2,-0.29
KPVAAP,-141,0.73,6.7,0.7,1.27,0.58,165.1,0.33,-20,-2.5,5.3,0.4,0.49,1.96,121.6,0.19
VYPHK,123,0.63,6.8,1.81,0.98,12.43,138.2,-0.29,-141,0.73,6.7,0.7,1.27,0.58,165.1,0.33
AQQLAAQLPAMCR,16,0.96,7.9,0.92,1.43,9.36,89.3,-0.04,-70,0.77,4.9,0.93,1.18,0.27,190.3,0.07
KA,-141,0.73,6.7,0.7,1.27,0.58,165.1,0.33,16,0.96,7.9,0.92,1.43,9.36,89.3,-0.04
GRPR,-13,0,7.1,0.61,0.46,6.17,63.8,0.09,-70,0.77,4.9,0.93,1.18,0.27,190.3,0.07
FGASTRGA,189,0.59,3.9,1.25,1.19,10.99,190.8,-0.38,16,0.96,7.9,0.92,1.43,9.36,89.3,-0.04
SG,-70,0.53,6.6,0.82,0.7,5.58,94.2,0.12,-13,0,7.1,0.61,0.46,6.17,63.8,0.09
PVGLVQPASATLYDY,-20,-2.5,5.3,0.4,0.49,1.96,121.6,0.19,53,0.72,3.1,1.53,0.69,3.13,194.6,-0.29
TLS,-38,0.54,5.3,1.12,0.78,4.68,119.6,0.03,-70,0.53,6.6,0.82,0.7,5.58,94.2,0.12
SKVYPFPGPI,-70,0.53,6.6,0.82,0.7,5.58,94.2,0.12,151,0.84,5.2,1.81,1.04,13.73,163,-0.34
LNSLT,145,0.92,8.6,1.3,1.36,16.64,163.1,-0.37,-38,0.54,5.3,1.12,0.78,4.68,119.6,0.03
IRPVQ,151,0.84,5.2,1.81,1.04,13.73,163,-0.34,-73,0.8,4.4,0.95,1.22,1.14,146.9,0.14
AWW,16,0.96,7.9,0.92,1.43,9.36,89.3,-0.04,145,0.58,1.2,1.54,1.01,2.2,226.4,-0.33
YQEP,53,0.72,3.1,1.53,0.69,3.13,194.6,-0.29,-20,-2.5,5.3,0.4,0.49,1.96,121.6,0.19
FQKVVAG,189,0.59,3.9,1.25,1.19,10.99,190.8,-0.38,-13,0,7.1,0.61,0.46,6.17,63.8,0.09
STHGVW,-70,0.53,6.6,0.82,0.7,5.58,94.2,0.12,145,0.58,1.2,1.54,1.01,2.2,226.4,-0.33
MAW,124,0.86,2.4,1.19,1.53,3.93,165.8,-0.3,145,0.58,1.2,1.54,1.01,2.2,226.4,-0.33
RINK,-70,0.77,4.9,0.93,1.18,0.27,190.3,0.07,-141,0.73,6.7,0.7,1.27,0.58,165.1,0.33
SF,-70,0.53,6.6,0.82,0.7,5.58,94.2,0.12,189,0.59,3.9,1.25,1.19,10.99,190.8,-0.38
FSY,189,0.59,3.9,1.25,1.19,10.99,190.8,-0.38,53,0.72,3.1,1.53,0.69,3.13,194.6,-0.29
GPIGPP,-13,0,7.1,0.61,0.46,6.17,63.8,0.09,-20,-2.5,5.3,0.4,0.49,1.96,121.6,0.19
TQVY,-38,0.54,5.3,1.12,0.78,4.68,119.6,0.03,53,0.72,3.1,1.53,0.69,3.13,194.6,-0.29
IRPV,151,0.84,5.2,1.81,1.04,13.73,163,-0.34,123,0.63,6.8,1.81,0.98,12.43,138.2,-0.29
KW,-141,0.73,6.7,0.7,1.27,0.58,165.1,0.33,145,0.58,1.2,1.54,1.01,2.2,226.4,-0.33
GT,-13,0,7.1,0.61,0.46,6.17,63.8,0.09,-38,0.54,5.3,1.12,0.78,4.68,119.6,0.03
FGK,189,0.59,3.9,1.25,1.19,10.99,190.8,-0.38,-141,0.73,6.7,0.7,1.27,0.58,165.1,0.33
VAW,123,0.63,6.8,1.81,0.98,12.43,138.2,-0.29,145,0.58,1.2,1.54,1.01,2.2,226.4,-0.33
EK,-106,0.53,7.1,0.61,1.67,0.94,138.8,0.23,-141,0.73,6.7,0.7,1.27,0.58,165.1,0.33
FP,189,0.59,3.9,1.25,1.19,10.99,190.8,-0.38,-20,-2.5,5.3,0.4,0.49,1.96,121.6,0.19
FVAPFPEVFG,189,0.59,3.9,1.25,1.19,10.99,190.8,-0.38,-13,0,7.1,0.61,0.46,6.17,63.8,0.09
FG,189,0.59,3.9,1.25,1.19,10.99,190.8,-0.38,-13,0,7.1,0.61,0.46,6.17,63.8,0.09
MNPPK,124,0.86,2.4,1.19,1.53,3.93,165.8,-0.3,-141,0.73,6.7,0.7,1.27,0.58,165.1,0.33
QVPQPIP,-73,0.8,4.4,0.95,1.22,1.14,146.9,0.14,-20,-2.5,5.3,0.4,0.49,1.96,121.6,0.19
SAGPM,-70,0.53,6.6,0.82,0.7,5.58,94.2,0.12,124,0.86,2.4,1.19,1.53,3.93,165.8,-0.3
AMPKPW,16,0.96,7.9,0.92,1.43,9.36,89.3,-0.04,145,0.58,1.2,1.54,1.01,2.2,226.4,-0.33
ALAFQ,16,0.96,7.9,0.92,1.43,9.36,89.3,-0.04,-73,0.8,4.4,0.95,1.22,1.14,146.9,0.14
VAPFPEVF,123,0.63,6.8,1.81,0.98,12.43,138.2,-0.29,189,0.59,3.9,1.25,1.19,10.99,190.8,-0.38
TYCQ,-38,0.54,5.3,1.12,0.78,4.68,119.6,0.03,-73,0.8,4.4,0.95,1.22,1.14,146.9,0.14
VTGRFAGHPAAQ,123,0.63,6.8,1.81,0.98,12.43,138.2,-0.29,-73,0.8,4.4,0.95,1.22,1.14,146.9,0.14
LHLPGP,145,0.92,8.6,1.3,1.36,16.64,163.1,-0.37,-20,-2.5,5.3,0.4,0.49,1.96,121.6,0.19
VIGSPPEIN,123,0.63,6.8,1.81,0.98,12.43,138.2,-0.29,-74,0.39,4,0.6,0.64,2.31,122.4,0.13
AYFTPE,16,0.96,7.9,0.92,1.43,9.36,89.3,-0.04,-106,0.53,7.1,0.61,1.67,0.94,138.8,0.23
YPF,53,0.72,3.1,1.53,0.69,3.13,194.6,-0.29,189,0.59,3.9,1.25,1.19,10.99,190.8,-0.38
PQPIP,-20,-2.5,5.3,0.4,0.49,1.96,121.6,0.19,-20,-2.5,5.3,0.4,0.49,1.96,121.6,0.19
YQEPVLQPVR,53,0.72,3.1,1.53,0.69,3.13,194.6,-0.29,-70,0.77,4.9,0.93,1.18,0.27,190.3,0.07
VPFGVG,123,0.63,6.8,1.81,0.98,12.43,138.2,-0.29,-13,0,7.1,0.61,0.46,6.17,63.8,0.09
YINQMPQKSREA,53,0.72,3.1,1.53,0.69,3.13,194.6,-0.29,16,0.96,7.9,0.92,1.43,9.36,89.3,-0.04
VVYPWTQ,123,0.63,6.8,1.81,0.98,12.43,138.2,-0.29,-73,0.8,4.4,0.95,1.22,1.14,146.9,0.14
VVRP,123,0.63,6.8,1.81,0.98,12.43,138.2,-0.29,-20,-2.5,5.3,0.4,0.49,1.96,121.6,0.19
LKA,145,0.92,8.6,1.3,1.36,16.64,163.1,-0.37,16,0.96,7.9,0.92,1.43,9.36,89.3,-0.04
PHQIYP,-20,-2.5,5.3,0.4,0.49,1.96,121.6,0.19,-20,-2.5,5.3,0.4,0.49,1.96,121.6,0.19
ASYDTKFE,16,0.96,7.9,0.92,1.43,9.36,89.3,-0.04,-106,0.53,7.1,0.61,1.67,0.94,138.8,0.23
KVLAGM,-141,0.73,6.7,0.7,1.27,0.58,165.1,0.33,124,0.86,2.4,1.19,1.53,3.93,165.8,-0.3
GVW,-13,0,7.1,0.61,0.46,6.17,63.8,0.09,145,0.58,1.2,1.54,1.01,2.2,226.4,-0.33
LKIPLY,145,0.92,8.6,1.3,1.36,16.64,163.1,-0.37,53,0.72,3.1,1.53,0.69,3.13,194.6,-0.29
LDY,145,0.92,8.6,1.3,1.36,16.64,163.1,-0.37,53,0.72,3.1,1.53,0.69,3.13,194.6,-0.29
VAHINVGK,123,0.63,6.8,1.81,0.98,12.43,138.2,-0.29,-141,0.73,6.7,0.7,1.27,0.58,165.1,0.33
TYLGS,-38,0.54,5.3,1.12,0.78,4.68,119.6,0.03,-70,0.53,6.6,0.82,0.7,5.58,94.2,0.12
YKY,53,0.72,3.1,1.53,0.69,3.13,194.6,-0.29,53,0.72,3.1,1.53,0.69,3.13,194.6,-0.29
NLHLPLP,-74,0.39,4,0.6,0.64,2.31,122.4,0.13,-20,-2.5,5.3,0.4,0.49,1.96,121.6,0.19
EVMAGNLYPG,-106,0.53,7.1,0.61,1.67,0.94,138.8,0.23,-13,0,7.1,0.61,0.46,6.17,63.8,0.09
EDENNPFYLR,-106,0.53,7.1,0.61,1.67,0.94,138.8,0.23,-70,0.77,4.9,0.93,1.18,0.27,190.3,0.07
KHQDFF,-141,0.73,6.7,0.7,1.27,0.58,165.1,0.33,189,0.59,3.9,1.25,1.19,10.99,190.8,-0.38
GLY,-13,0,7.1,0.61,0.46,6.17,63.8,0.09,53,0.72,3.1,1.53,0.69,3.13,194.6,-0.29
SALAM,-70,0.53,6.6,0.82,0.7,5.58,94.2,0.12,124,0.86,2.4,1.19,1.53,3.93,165.8,-0.3
WNPR,145,0.58,1.2,1.54,1.01,2.2,226.4,-0.33,-70,0.77,4.9,0.93,1.18,0.27,190.3,0.07
PFPE,-20,-2.5,5.3,0.4,0.49,1.96,121.6,0.19,-106,0.53,7.1,0.61,1.67,0.94,138.8,0.23
WYSLAM,145,0.58,1.2,1.54,1.01,2.2,226.4,-0.33,124,0.86,2.4,1.19,1.53,3.93,165.8,-0.3
GA,-13,0,7.1,0.61,0.46,6.17,63.8,0.09,16,0.96,7.9,0.92,1.43,9.36,89.3,-0.04
KRQKYDI,-141,0.73,6.7,0.7,1.27,0.58,165.1,0.33,151,0.84,5.2,1.81,1.04,13.73,163,-0.34
LVRT,145,0.92,8.6,1.3,1.36,16.64,163.1,-0.37,-38,0.54,5.3,1.12,0.78,4.68,119.6,0.03
GV,-13,0,7.1,0.61,0.46,6.17,63.8,0.09,123,0.63,6.8,1.81,0.98,12.43,138.2,-0.29
DM,-78,0.42,5.5,0.48,0.92,0.94,114.4,0.19,124,0.86,2.4,1.19,1.53,3.93,165.8,-0.3
VRSP,123,0.63,6.8,1.81,0.98,12.43,138.2,-0.29,-20,-2.5,5.3,0.4,0.49,1.96,121.6,0.19
NLAG,-74,0.39,4,0.6,0.64,2.31,122.4,0.13,-13,0,7.1,0.61,0.46,6.17,63.8,0.09
DLTDY,-78,0.42,5.5,0.48,0.92,0.94,114.4,0.19,53,0.72,3.1,1.53,0.69,3.13,194.6,-0.29
LALPP,145,0.92,8.6,1.3,1.36,16.64,163.1,-0.37,-20,-2.5,5.3,0.4,0.49,1.96,121.6,0.19
PRKEKLCTTS,-20,-2.5,5.3,0.4,0.49,1.96,121.6,0.19,-70,0.53,6.6,0.82,0.7,5.58,94.2,0.12
TPSPR,-38,0.54,5.3,1.12,0.78,4.68,119.6,0.03,-70,0.77,4.9,0.93,1.18,0.27,190.3,0.07
INYWL,151,0.84,5.2,1.81,1.04,13.73,163,-0.34,145,0.92,8.6,1.3,1.36,16.64,163.1,-0.37
AVF,16,0.96,7.9,0.92,1.43,9.36,89.3,-0.04,189,0.59,3.9,1.25,1.19,10.99,190.8,-0.38
GGDDL,-13,0,7.1,0.61,0.46,6.17,63.8,0.09,145,0.92,8.6,1.3,1.36,16.64,163.1,-0.37
PNRIKYGD,-20,-2.5,5.3,0.4,0.49,1.96,121.6,0.19,-78,0.42,5.5,0.48,0.92,0.94,114.4,0.19
VEGY,123,0.63,6.8,1.81,0.98,12.43,138.2,-0.29,53,0.72,3.1,1.53,0.69,3.13,194.6,-0.29
VWY,123,0.63,6.8,1.81,0.98,12.43,138.2,-0.29,53,0.72,3.1,1.53,0.69,3.13,194.6,-0.29
SGP,-70,0.53,6.6,0.82,0.7,5.58,94.2,0.12,-20,-2.5,5.3,0.4,0.49,1.96,121.6,0.19
VGPR,123,0.63,6.8,1.81,0.98,12.43,138.2,-0.29,-70,0.77,4.9,0.93,1.18,0.27,190.3,0.07
DLGP,-78,0.42,5.5,0.48,0.92,0.94,114.4,0.19,-20,-2.5,5.3,0.4,0.49,1.96,121.6,0.19
DFY,-78,0.42,5.5,0.48,0.92,0.94,114.4,0.19,53,0.72,3.1,1.53,0.69,3.13,194.6,-0.29
RELEEL,-70,0.77,4.9,0.93,1.18,0.27,190.3,0.07,145,0.92,8.6,1.3,1.36,16.64,163.1,-0.37
VPQPIP,123,0.63,6.8,1.81,0.98,12.43,138.2,-0.29,-20,-2.5,5.3,0.4,0.49,1.96,121.6,0.19
AGLAPY,16,0.96,7.9,0.92,1.43,9.36,89.3,-0.04,53,0.72,3.1,1.53,0.69,3.13,194.6,-0.29
FFL,189,0.59,3.9,1.25,1.19,10.99,190.8,-0.38,145,0.92,8.6,1.3,1.36,16.64,163.1,-0.37
DL,-78,0.42,5.5,0.48,0.92,0.94,114.4,0.19,145,0.92,8.6,1.3,1.36,16.64,163.1,-0.37
GW,-13,0,7.1,0.61,0.46,6.17,63.8,0.09,145,0.58,1.2,1.54,1.01,2.2,226.4,-0.33
AFKAWAVAR,16,0.96,7.9,0.92,1.43,9.36,89.3,-0.04,-70,0.77,4.9,0.93,1.18,0.27,190.3,0.07
VVGP,123,0.63,6.8,1.81,0.98,12.43,138.2,-0.29,-20,-2.5,5.3,0.4,0.49,1.96,121.6,0.19
LKIPVA,145,0.92,8.6,1.3,1.36,16.64,163.1,-0.37,16,0.96,7.9,0.92,1.43,9.36,89.3,-0.04
QAFP,-73,0.8,4.4,0.95,1.22,1.14,146.9,0.14,-20,-2.5,5.3,0.4,0.49,1.96,121.6,0.19
YGL,53,0.72,3.1,1.53,0.69,3.13,194.6,-0.29,145,0.92,8.6,1.3,1.36,16.64,163.1,-0.37
MFDL,124,0.86,2.4,1.19,1.53,3.93,165.8,-0.3,145,0.92,8.6,1.3,1.36,16.64,163.1,-0.37
FVPAF,189,0.59,3.9,1.25,1.19,10.99,190.8,-0.38,189,0.59,3.9,1.25,1.19,10.99,190.8,-0.38
AGLP,16,0.96,7.9,0.92,1.43,9.36,89.3,-0.04,-20,-2.5,5.3,0.4,0.49,1.96,121.6,0.19
KLYMRP,-141,0.73,6.7,0.7,1.27,0.58,165.1,0.33,-20,-2.5,5.3,0.4,0.49,1.96,121.6,0.19
DVPPYM,-78,0.42,5.5,0.48,0.92,0.94,114.4,0.19,124,0.86,2.4,1.19,1.53,3.93,165.8,-0.3
GAGP,-13,0,7.1,0.61,0.46,6.17,63.8,0.09,-20,-2.5,5.3,0.4,0.49,1.96,121.6,0.19
IETWNPNNQ,151,0.84,5.2,1.81,1.04,13.73,163,-0.34,-73,0.8,4.4,0.95,1.22,1.14,146.9,0.14
LEK,145,0.92,8.6,1.3,1.36,16.64,163.1,-0.37,-141,0.73,6.7,0.7,1.27,0.58,165.1,0.33
IVY,151,0.84,5.2,1.81,1.04,13.73,163,-0.34,53,0.72,3.1,1.53,0.69,3.13,194.6,-0.29
ITF,151,0.84,5.2,1.81,1.04,13.73,163,-0.34,189,0.59,3.9,1.25,1.19,10.99,190.8,-0.38
YGLF,53,0.72,3.1,1.53,0.69,3.13,194.6,-0.29,189,0.59,3.9,1.25,1.19,10.99,190.8,-0.38
YPR,53,0.72,3.1,1.53,0.69,3.13,194.6,-0.29,-70,0.77,4.9,0.93,1.18,0.27,190.3,0.07
IRA,151,0.84,5.2,1.81,1.04,13.73,163,-0.34,16,0.96,7.9,0.92,1.43,9.36,89.3,-0.04
QIGLF,-73,0.8,4.4,0.95,1.22,1.14,146.9,0.14,189,0.59,3.9,1.25,1.19,10.99,190.8,-0.38
APVPP,16,0.96,7.9,0.92,1.43,9.36,89.3,-0.04,-20,-2.5,5.3,0.4,0.49,1.96,121.6,0.19
PPK,-20,-2.5,5.3,0.4,0.49,1.96,121.6,0.19,-141,0.73,6.7,0.7,1.27,0.58,165.1,0.33
VGGPR,123,0.63,6.8,1.81,0.98,12.43,138.2,-0.29,-70,0.77,4.9,0.93,1.18,0.27,190.3,0.07
VIPEL,123,0.63,6.8,1.81,0.98,12.43,138.2,-0.29,145,0.92,8.6,1.3,1.36,16.64,163.1,-0.37
PQTLALP,-20,-2.5,5.3,0.4,0.49,1.96,121.6,0.19,-20,-2.5,5.3,0.4,0.49,1.96,121.6,0.19
PQPLIYP,-20,-2.5,5.3,0.4,0.49,1.96,121.6,0.19,-20,-2.5,5.3,0.4,0.49,1.96,121.6,0.19
AP,16,0.96,7.9,0.92,1.43,9.36,89.3,-0.04,-20,-2.5,5.3,0.4,0.49,1.96,121.6,0.19
QVTSTAV,-73,0.8,4.4,0.95,1.22,1.14,146.9,0.14,123,0.63,6.8,1.81,0.98,12.43,138.2,-0.29
AG,16,0.96,7.9,0.92,1.43,9.36,89.3,-0.04,-13,0,7.1,0.61,0.46,6.17,63.8,0.09
IPAIN,151,0.84,5.2,1.81,1.04,13.73,163,-0.34,-74,0.39,4,0.6,0.64,2.31,122.4,0.13
LW,145,0.92,8.6,1.3,1.36,16.64,163.1,-0.37,145,0.58,1.2,1.54,1.01,2.2,226.4,-0.33
VKP,123,0.63,6.8,1.81,0.98,12.43,138.2,-0.29,-20,-2.5,5.3,0.4,0.49,1.96,121.6,0.19
HPFAQ,50,0.57,2.1,0.93,0.98,0.47,157.5,-0.04,-73,0.8,4.4,0.95,1.22,1.14,146.9,0.14
VLAQYK,123,0.63,6.8,1.81,0.98,12.43,138.2,-0.29,-141,0.73,6.7,0.7,1.27,0.58,165.1,0.33
YV,53,0.72,3.1,1.53,0.69,3.13,194.6,-0.29,123,0.63,6.8,1.81,0.98,12.43,138.2,-0.29
MKG,124,0.86,2.4,1.19,1.53,3.93,165.8,-0.3,-13,0,7.1,0.61,0.46,6.17,63.8,0.09
MKP,124,0.86,2.4,1.19,1.53,3.93,165.8,-0.3,-20,-2.5,5.3,0.4,0.49,1.96,121.6,0.19
YA,53,0.72,3.1,1.53,0.69,3.13,194.6,-0.29,16,0.96,7.9,0.92,1.43,9.36,89.3,-0.04
LGECGGR,145,0.92,8.6,1.3,1.36,16.64,163.1,-0.37,-70,0.77,4.9,0.93,1.18,0.27,190.3,0.07
HQIYP,50,0.57,2.1,0.93,0.98,0.47,157.5,-0.04,-20,-2.5,5.3,0.4,0.49,1.96,121.6,0.19
VVVPPF,123,0.63,6.8,1.81,0.98,12.43,138.2,-0.29,189,0.59,3.9,1.25,1.19,10.99,190.8,-0.38
MIFPGGPQL,124,0.86,2.4,1.19,1.53,3.93,165.8,-0.3,145,0.92,8.6,1.3,1.36,16.64,163.1,-0.37
VSV,123,0.63,6.8,1.81,0.98,12.43,138.2,-0.29,123,0.63,6.8,1.81,0.98,12.43,138.2,-0.29
ASL,16,0.96,7.9,0.92,1.43,9.36,89.3,-0.04,145,0.92,8.6,1.3,1.36,16.64,163.1,-0.37
VY,123,0.63,6.8,1.81,0.98,12.43,138.2,-0.29,53,0.72,3.1,1.53,0.69,3.13,194.6,-0.29
MAIPPKK,124,0.86,2.4,1.19,1.53,3.93,165.8,-0.3,-141,0.73,6.7,0.7,1.27,0.58,165.1,0.33
NLHLP,-74,0.39,4,0.6,0.64,2.31,122.4,0.13,-20,-2.5,5.3,0.4,0.49,1.96,121.6,0.19
TG,-38,0.54,5.3,1.12,0.78,4.68,119.6,0.03,-13,0,7.1,0.61,0.46,6.17,63.8,0.09
FVP,189,0.59,3.9,1.25,1.19,10.99,190.8,-0.38,-20,-2.5,5.3,0.4,0.49,1.96,121.6,0.19
TP,-38,0.54,5.3,1.12,0.78,4.68,119.6,0.03,-20,-2.5,5.3,0.4,0.49,1.96,121.6,0.19
VSW,123,0.63,6.8,1.81,0.98,12.43,138.2,-0.29,145,0.58,1.2,1.54,1.01,2.2,226.4,-0.33
AKLEK,16,0.96,7.9,0.92,1.43,9.36,89.3,-0.04,-141,0.73,6.7,0.7,1.27,0.58,165.1,0.33
TGP,-38,0.54,5.3,1.12,0.78,4.68,119.6,0.03,-20,-2.5,5.3,0.4,0.49,1.96,121.6,0.19
YW,53,0.72,3.1,1.53,0.69,3.13,194.6,-0.29,145,0.58,1.2,1.54,1.01,2.2,226.4,-0.33
LVVYPWTQ,145,0.92,8.6,1.3,1.36,16.64,163.1,-0.37,-73,0.8,4.4,0.95,1.22,1.14,146.9,0.14
VIY,123,0.63,6.8,1.81,0.98,12.43,138.2,-0.29,53,0.72,3.1,1.53,0.69,3.13,194.6,-0.29
GEGSGA,-13,0,7.1,0.61,0.46,6.17,63.8,0.09,16,0.96,7.9,0.92,1.43,9.36,89.3,-0.04
GKEIIVKAER,-13,0,7.1,0.61,0.46,6.17,63.8,0.09,-70,0.77,4.9,0.93,1.18,0.27,190.3,0.07
FCF,189,0.59,3.9,1.25,1.19,10.99,190.8,-0.38,189,0.59,3.9,1.25,1.19,10.99,190.8,-0.38
AF,16,0.96,7.9,0.92,1.43,9.36,89.3,-0.04,189,0.59,3.9,1.25,1.19,10.99,190.8,-0.38
AFL,16,0.96,7.9,0.92,1.43,9.36,89.3,-0.04,145,0.92,8.6,1.3,1.36,16.64,163.1,-0.37
KAAAAP,-141,0.73,6.7,0.7,1.27,0.58,165.1,0.33,-20,-2.5,5.3,0.4,0.49,1.96,121.6,0.19
RYLGY,-70,0.77,4.9,0.93,1.18,0.27,190.3,0.07,53,0.72,3.1,1.53,0.69,3.13,194.6,-0.29
PKIDAMREKVLA,-20,-2.5,5.3,0.4,0.49,1.96,121.6,0.19,16,0.96,7.9,0.92,1.43,9.36,89.3,-0.04
ESI,-106,0.53,7.1,0.61,1.67,0.94,138.8,0.23,151,0.84,5.2,1.81,1.04,13.73,163,-0.34
EPR,-106,0.53,7.1,0.61,1.67,0.94,138.8,0.23,-70,0.77,4.9,0.93,1.18,0.27,190.3,0.07
LVL,145,0.92,8.6,1.3,1.36,16.64,163.1,-0.37,145,0.92,8.6,1.3,1.36,16.64,163.1,-0.37
LIYP,145,0.92,8.6,1.3,1.36,16.64,163.1,-0.37,-20,-2.5,5.3,0.4,0.49,1.96,121.6,0.19
GGLEPI,-13,0,7.1,0.61,0.46,6.17,63.8,0.09,151,0.84,5.2,1.81,1.04,13.73,163,-0.34
PFP,-20,-2.5,5.3,0.4,0.49,1.96,121.6,0.19,-20,-2.5,5.3,0.4,0.49,1.96,121.6,0.19
AFVGYVLP,16,0.96,7.9,0.92,1.43,9.36,89.3,-0.04,-20,-2.5,5.3,0.4,0.49,1.96,121.6,0.19
FEDYVPLSCF,189,0.59,3.9,1.25,1.19,10.99,190.8,-0.38,189,0.59,3.9,1.25,1.19,10.99,190.8,-0.38
YPSFQPQPLIYP,53,0.72,3.1,1.53,0.69,3.13,194.6,-0.29,-20,-2.5,5.3,0.4,0.49,1.96,121.6,0.19
IRW,151,0.84,5.2,1.81,1.04,13.73,163,-0.34,145,0.58,1.2,1.54,1.01,2.2,226.4,-0.33
MIPAY,124,0.86,2.4,1.19,1.53,3.93,165.8,-0.3,53,0.72,3.1,1.53,0.69,3.13,194.6,-0.29
NSWVE,-74,0.39,4,0.6,0.64,2.31,122.4,0.13,-106,0.53,7.1,0.61,1.67,0.94,138.8,0.23
YKVPQL,53,0.72,3.1,1.53,0.69,3.13,194.6,-0.29,145,0.92,8.6,1.3,1.36,16.64,163.1,-0.37
LHLPLR,145,0.92,8.6,1.3,1.36,16.64,163.1,-0.37,-70,0.77,4.9,0.93,1.18,0.27,190.3,0.07
APSAK,16,0.96,7.9,0.92,1.43,9.36,89.3,-0.04,-141,0.73,6.7,0.7,1.27,0.58,165.1,0.33
KIHPFAQTQSLVYP,-141,0.73,6.7,0.7,1.27,0.58,165.1,0.33,-20,-2.5,5.3,0.4,0.49,1.96,121.6,0.19
MDLA,124,0.86,2.4,1.19,1.53,3.93,165.8,-0.3,16,0.96,7.9,0.92,1.43,9.36,89.3,-0.04
NPPHQIYP,-74,0.39,4,0.6,0.64,2.31,122.4,0.13,-20,-2.5,5.3,0.4,0.49,1.96,121.6,0.19
LHLPLP,145,0.92,8.6,1.3,1.36,16.64,163.1,-0.37,-20,-2.5,5.3,0.4,0.49,1.96,121.6,0.19
GPR,-13,0,7.1,0.61,0.46,6.17,63.8,0.09,-70,0.77,4.9,0.93,1.18,0.27,190.3,0.07
VSGP,123,0.63,6.8,1.81,0.98,12.43,138.2,-0.29,-20,-2.5,5.3,0.4,0.49,1.96,121.6,0.19
LAP,145,0.92,8.6,1.3,1.36,16.64,163.1,-0.37,-20,-2.5,5.3,0.4,0.49,1.96,121.6,0.19
SAPLRVY,-70,0.53,6.6,0.82,0.7,5.58,94.2,0.12,53,0.72,3.1,1.53,0.69,3.13,194.6,-0.29
LVY,145,0.92,8.6,1.3,1.36,16.64,163.1,-0.37,53,0.72,3.1,1.53,0.69,3.13,194.6,-0.29
LTF,145,0.92,8.6,1.3,1.36,16.64,163.1,-0.37,189,0.59,3.9,1.25,1.19,10.99,190.8,-0.38
ENGLPVHLDQSIFRR,-106,0.53,7.1,0.61,1.67,0.94,138.8,0.23,-70,0.77,4.9,0.93,1.18,0.27,190.3,0.07
IKW,151,0.84,5.2,1.81,1.04,13.73,163,-0.34,145,0.58,1.2,1.54,1.01,2.2,226.4,-0.33
SLPQ,-70,0.53,6.6,0.82,0.7,5.58,94.2,0.12,-73,0.8,4.4,0.95,1.22,1.14,146.9,0.14
ESIINF,-106,0.53,7.1,0.61,1.67,0.94,138.8,0.23,189,0.59,3.9,1.25,1.19,10.99,190.8,-0.38
IPAVFK,151,0.84,5.2,1.81,1.04,13.73,163,-0.34,-141,0.73,6.7,0.7,1.27,0.58,165.1,0.33
LIWKL,145,0.92,8.6,1.3,1.36,16.64,163.1,-0.37,145,0.92,8.6,1.3,1.36,16.64,163.1,-0.37
GAPGLPGP,-13,0,7.1,0.61,0.46,6.17,63.8,0.09,-20,-2.5,5.3,0.4,0.49,1.96,121.6,0.19
DIGP,-78,0.42,5.5,0.48,0.92,0.94,114.4,0.19,-20,-2.5,5.3,0.4,0.49,1.96,121.6,0.19
YQEPVL,53,0.72,3.1,1.53,0.69,3.13,194.6,-0.29,145,0.92,8.6,1.3,1.36,16.64,163.1,-0.37
AQTQSLVYP,16,0.96,7.9,0.92,1.43,9.36,89.3,-0.04,-20,-2.5,5.3,0.4,0.49,1.96,121.6,0.19
VELYP,123,0.63,6.8,1.81,0.98,12.43,138.2,-0.29,-20,-2.5,5.3,0.4,0.49,1.96,121.6,0.19
LT,145,0.92,8.6,1.3,1.36,16.64,163.1,-0.37,-38,0.54,5.3,1.12,0.78,4.68,119.6,0.03
NK,-74,0.39,4,0.6,0.64,2.31,122.4,0.13,-141,0.73,6.7,0.7,1.27,0.58,165.1,0.33
MG,124,0.86,2.4,1.19,1.53,3.93,165.8,-0.3,-13,0,7.1,0.61,0.46,6.17,63.8,0.09
ENLLRF,-106,0.53,7.1,0.61,1.67,0.94,138.8,0.23,189,0.59,3.9,1.25,1.19,10.99,190.8,-0.38
HHTF,50,0.57,2.1,0.93,0.98,0.47,157.5,-0.04,189,0.59,3.9,1.25,1.19,10.99,190.8,-0.38
IPAQK,151,0.84,5.2,1.81,1.04,13.73,163,-0.34,-141,0.73,6.7,0.7,1.27,0.58,165.1,0.33
VM,123,0.63,6.8,1.81,0.98,12.43,138.2,-0.29,124,0.86,2.4,1.19,1.53,3.93,165.8,-0.3
HERDPTHIKWGD,50,0.57,2.1,0.93,0.98,0.47,157.5,-0.04,-78,0.42,5.5,0.48,0.92,0.94,114.4,0.19
IDALNENK,151,0.84,5.2,1.81,1.04,13.73,163,-0.34,-141,0.73,6.7,0.7,1.27,0.58,165.1,0.33
VRF,123,0.63,6.8,1.81,0.98,12.43,138.2,-0.29,189,0.59,3.9,1.25,1.19,10.99,190.8,-0.38
MGP,124,0.86,2.4,1.19,1.53,3.93,165.8,-0.3,-20,-2.5,5.3,0.4,0.49,1.96,121.6,0.19
TD,-38,0.54,5.3,1.12,0.78,4.68,119.6,0.03,-78,0.42,5.5,0.48,0.92,0.94,114.4,0.19
VRP,123,0.63,6.8,1.81,0.98,12.43,138.2,-0.29,-20,-2.5,5.3,0.4,0.49,1.96,121.6,0.19
IGDEPLANYL,151,0.84,5.2,1.81,1.04,13.73,163,-0.34,145,0.92,8.6,1.3,1.36,16.64,163.1,-0.37
KDQGSYEDF,-141,0.73,6.7,0.7,1.27,0.58,165.1,0.33,189,0.59,3.9,1.25,1.19,10.99,190.8,-0.38
VYNEGLPAP,123,0.63,6.8,1.81,0.98,12.43,138.2,-0.29,-20,-2.5,5.3,0.4,0.49,1.96,121.6,0.19
ESAGIH,-106,0.53,7.1,0.61,1.67,0.94,138.8,0.23,50,0.57,2.1,0.93,0.98,0.47,157.5,-0.04
LKPMN,145,0.92,8.6,1.3,1.36,16.64,163.1,-0.37,-74,0.39,4,0.6,0.64,2.31,122.4,0.13
LNNSRAP,145,0.92,8.6,1.3,1.36,16.64,163.1,-0.37,-20,-2.5,5.3,0.4,0.49,1.96,121.6,0.19
GVQGPM,-13,0,7.1,0.61,0.46,6.17,63.8,0.09,124,0.86,2.4,1.19,1.53,3.93,165.8,-0.3
FVAPFPEV,189,0.59,3.9,1.25,1.19,10.99,190.8,-0.38,123,0.63,6.8,1.81,0.98,12.43,138.2,-0.29
AR,16,0.96,7.9,0.92,1.43,9.36,89.3,-0.04,-70,0.77,4.9,0.93,1.18,0.27,190.3,0.07
LKLP,145,0.92,8.6,1.3,1.36,16.64,163.1,-0.37,-20,-2.5,5.3,0.4,0.49,1.96,121.6,0.19
IELPLG,151,0.84,5.2,1.81,1.04,13.73,163,-0.34,-13,0,7.1,0.61,0.46,6.17,63.8,0.09
VAKLEK,123,0.63,6.8,1.81,0.98,12.43,138.2,-0.29,-141,0.73,6.7,0.7,1.27,0.58,165.1,0.33
RPK,-70,0.77,4.9,0.93,1.18,0.27,190.3,0.07,-141,0.73,6.7,0.7,1.27,0.58,165.1,0.33
SNIP,-70,0.53,6.6,0.82,0.7,5.58,94.2,0.12,-20,-2.5,5.3,0.4,0.49,1.96,121.6,0.19
LHLPYP,145,0.92,8.6,1.3,1.36,16.64,163.1,-0.37,-20,-2.5,5.3,0.4,0.49,1.96,121.6,0.19
AFKDEDTEEVPFR,16,0.96,7.9,0.92,1.43,9.36,89.3,-0.04,-70,0.77,4.9,0.93,1.18,0.27,190.3,0.07
WLAHK,145,0.58,1.2,1.54,1.01,2.2,226.4,-0.33,-141,0.73,6.7,0.7,1.27,0.58,165.1,0.33
VVYPWTQRF,123,0.63,6.8,1.81,0.98,12.43,138.2,-0.29,189,0.59,3.9,1.25,1.19,10.99,190.8,-0.38
HPIKH,50,0.57,2.1,0.93,0.98,0.47,157.5,-0.04,50,0.57,2.1,0.93,0.98,0.47,157.5,-0.04
LPLP,145,0.92,8.6,1.3,1.36,16.64,163.1,-0.37,-20,-2.5,5.3,0.4,0.49,1.96,121.6,0.19
TQPKTNAIPY,-38,0.54,5.3,1.12,0.78,4.68,119.6,0.03,53,0.72,3.1,1.53,0.69,3.13,194.6,-0.29
IRP,151,0.84,5.2,1.81,1.04,13.73,163,-0.34,-20,-2.5,5.3,0.4,0.49,1.96,121.6,0.19
RDMPIQAF,-70,0.77,4.9,0.93,1.18,0.27,190.3,0.07,189,0.59,3.9,1.25,1.19,10.99,190.8,-0.38
AGSS,16,0.96,7.9,0.92,1.43,9.36,89.3,-0.04,-70,0.53,6.6,0.82,0.7,5.58,94.2,0.12
QVVF,-73,0.8,4.4,0.95,1.22,1.14,146.9,0.14,189,0.59,3.9,1.25,1.19,10.99,190.8,-0.38
QPQAFP,-73,0.8,4.4,0.95,1.22,1.14,146.9,0.14,-20,-2.5,5.3,0.4,0.49,1.96,121.6,0.19
AIPP,16,0.96,7.9,0.92,1.43,9.36,89.3,-0.04,-20,-2.5,5.3,0.4,0.49,1.96,121.6,0.19
PTHIK,-20,-2.5,5.3,0.4,0.49,1.96,121.6,0.19,-141,0.73,6.7,0.7,1.27,0.58,165.1,0.33
ERYL,-106,0.53,7.1,0.61,1.67,0.94,138.8,0.23,145,0.92,8.6,1.3,1.36,16.64,163.1,-0.37
YPER,53,0.72,3.1,1.53,0.69,3.13,194.6,-0.29,-70,0.77,4.9,0.93,1.18,0.27,190.3,0.07
PPHQIYP,-20,-2.5,5.3,0.4,0.49,1.96,121.6,0.19,-20,-2.5,5.3,0.4,0.49,1.96,121.6,0.19
VAND,123,0.63,6.8,1.81,0.98,12.43,138.2,-0.29,-78,0.42,5.5,0.48,0.92,0.94,114.4,0.19
FVEPIP,189,0.59,3.9,1.25,1.19,10.99,190.8,-0.38,-20,-2.5,5.3,0.4,0.49,1.96,121.6,0.19
GHF,-13,0,7.1,0.61,0.46,6.17,63.8,0.09,189,0.59,3.9,1.25,1.19,10.99,190.8,-0.38
WPEAAELMMEVDP,145,0.58,1.2,1.54,1.01,2.2,226.4,-0.33,-20,-2.5,5.3,0.4,0.49,1.96,121.6,0.19
VFER,123,0.63,6.8,1.81,0.98,12.43,138.2,-0.29,-70,0.77,4.9,0.93,1.18,0.27,190.3,0.07
VPPAK,123,0.63,6.8,1.81,0.98,12.43,138.2,-0.29,-141,0.73,6.7,0.7,1.27,0.58,165.1,0.33
AA,16,0.96,7.9,0.92,1.43,9.36,89.3,-0.04,16,0.96,7.9,0.92,1.43,9.36,89.3,-0.04
AV,16,0.96,7.9,0.92,1.43,9.36,89.3,-0.04,123,0.63,6.8,1.81,0.98,12.43,138.2,-0.29
SSIQSQPQAFT,-70,0.53,6.6,0.82,0.7,5.58,94.2,0.12,-38,0.54,5.3,1.12,0.78,4.68,119.6,0.03
LF,145,0.92,8.6,1.3,1.36,16.64,163.1,-0.37,189,0.59,3.9,1.25,1.19,10.99,190.8,-0.38
FNF,189,0.59,3.9,1.25,1.19,10.99,190.8,-0.38,189,0.59,3.9,1.25,1.19,10.99,190.8,-0.38
VLRP,123,0.63,6.8,1.81,0.98,12.43,138.2,-0.29,-20,-2.5,5.3,0.4,0.49,1.96,121.6,0.19
NY,-74,0.39,4,0.6,0.64,2.31,122.4,0.13,53,0.72,3.1,1.53,0.69,3.13,194.6,-0.29
GEGGP,-13,0,7.1,0.61,0.46,6.17,63.8,0.09,-20,-2.5,5.3,0.4,0.49,1.96,121.6,0.19
QSQPQAFP,-73,0.8,4.4,0.95,1.22,1.14,146.9,0.14,-20,-2.5,5.3,0.4,0.49,1.96,121.6,0.19
TGLKP,-38,0.54,5.3,1.12,0.78,4.68,119.6,0.03,-20,-2.5,5.3,0.4,0.49,1.96,121.6,0.19
ITTNP,151,0.84,5.2,1.81,1.04,13.73,163,-0.34,-20,-2.5,5.3,0.4,0.49,1.96,121.6,0.19
FNQ,189,0.59,3.9,1.25,1.19,10.99,190.8,-0.38,-73,0.8,4.4,0.95,1.22,1.14,146.9,0.14
AKYSY,16,0.96,7.9,0.92,1.43,9.36,89.3,-0.04,53,0.72,3.1,1.53,0.69,3.13,194.6,-0.29
YG,53,0.72,3.1,1.53,0.69,3.13,194.6,-0.29,-13,0,7.1,0.61,0.46,6.17,63.8,0.09
LKYPI,145,0.92,8.6,1.3,1.36,16.64,163.1,-0.37,151,0.84,5.2,1.81,1.04,13.73,163,-0.34
YP,53,0.72,3.1,1.53,0.69,3.13,194.6,-0.29,-20,-2.5,5.3,0.4,0.49,1.96,121.6,0.19
PLIYP,-20,-2.5,5.3,0.4,0.49,1.96,121.6,0.19,-20,-2.5,5.3,0.4,0.49,1.96,121.6,0.19
TGGGNV,-38,0.54,5.3,1.12,0.78,4.68,119.6,0.03,123,0.63,6.8,1.81,0.98,12.43,138.2,-0.29
VSP,123,0.63,6.8,1.81,0.98,12.43,138.2,-0.29,-20,-2.5,5.3,0.4,0.49,1.96,121.6,0.19
WL,145,0.58,1.2,1.54,1.01,2.2,226.4,-0.33,145,0.92,8.6,1.3,1.36,16.64,163.1,-0.37
DKVGINYW,-78,0.42,5.5,0.48,0.92,0.94,114.4,0.19,145,0.58,1.2,1.54,1.01,2.2,226.4,-0.33
FFYY,189,0.59,3.9,1.25,1.19,10.99,190.8,-0.38,53,0.72,3.1,1.53,0.69,3.13,194.6,-0.29
APP,16,0.96,7.9,0.92,1.43,9.36,89.3,-0.04,-20,-2.5,5.3,0.4,0.49,1.96,121.6,0.19
QVSLNSGYY,-73,0.8,4.4,0.95,1.22,1.14,146.9,0.14,53,0.72,3.1,1.53,0.69,3.13,194.6,-0.29
LSGNK,145,0.92,8.6,1.3,1.36,16.64,163.1,-0.37,-141,0.73,6.7,0.7,1.27,0.58,165.1,0.33
YQ,53,0.72,3.1,1.53,0.69,3.13,194.6,-0.29,-73,0.8,4.4,0.95,1.22,1.14,146.9,0.14
KVAGPK,-141,0.73,6.7,0.7,1.27,0.58,165.1,0.33,-141,0.73,6.7,0.7,1.27,0.58,165.1,0.33
IYPSFQPQPLIYP,151,0.84,5.2,1.81,1.04,13.73,163,-0.34,-20,-2.5,5.3,0.4,0.49,1.96,121.6,0.19
FYN,189,0.59,3.9,1.25,1.19,10.99,190.8,-0.38,-74,0.39,4,0.6,0.64,2.31,122.4,0.13
FQPQPLIYP,189,0.59,3.9,1.25,1.19,10.99,190.8,-0.38,-20,-2.5,5.3,0.4,0.49,1.96,121.6,0.19
RPKHPI,-70,0.77,4.9,0.93,1.18,0.27,190.3,0.07,151,0.84,5.2,1.81,1.04,13.73,163,-0.34
LG,145,0.92,8.6,1.3,1.36,16.64,163.1,-0.37,-13,0,7.1,0.61,0.46,6.17,63.8,0.09
SVY,-70,0.53,6.6,0.82,0.7,5.58,94.2,0.12,53,0.72,3.1,1.53,0.69,3.13,194.6,-0.29
PSNPP,-20,-2.5,5.3,0.4,0.49,1.96,121.6,0.19,-20,-2.5,5.3,0.4,0.49,1.96,121.6,0.19
FHERDPTHIKWGD,189,0.59,3.9,1.25,1.19,10.99,190.8,-0.38,-78,0.42,5.5,0.48,0.92,0.94,114.4,0.19
AW,16,0.96,7.9,0.92,1.43,9.36,89.3,-0.04,145,0.58,1.2,1.54,1.01,2.2,226.4,-0.33
LQSW,145,0.92,8.6,1.3,1.36,16.64,163.1,-0.37,145,0.58,1.2,1.54,1.01,2.2,226.4,-0.33
GHP,-13,0,7.1,0.61,0.46,6.17,63.8,0.09,-20,-2.5,5.3,0.4,0.49,1.96,121.6,0.19
APER,16,0.96,7.9,0.92,1.43,9.36,89.3,-0.04,-70,0.77,4.9,0.93,1.18,0.27,190.3,0.07
GHG,-13,0,7.1,0.61,0.46,6.17,63.8,0.09,-13,0,7.1,0.61,0.46,6.17,63.8,0.09
HIKW,50,0.57,2.1,0.93,0.98,0.47,157.5,-0.04,145,0.58,1.2,1.54,1.01,2.2,226.4,-0.33
PGR,-20,-2.5,5.3,0.4,0.49,1.96,121.6,0.19,-70,0.77,4.9,0.93,1.18,0.27,190.3,0.07
ASYDTKF,16,0.96,7.9,0.92,1.43,9.36,89.3,-0.04,189,0.59,3.9,1.25,1.19,10.99,190.8,-0.38
QNILP,-73,0.8,4.4,0.95,1.22,1.14,146.9,0.14,-20,-2.5,5.3,0.4,0.49,1.96,121.6,0.19
PPL,-20,-2.5,5.3,0.4,0.49,1.96,121.6,0.19,145,0.92,8.6,1.3,1.36,16.64,163.1,-0.37
HWTTQR,50,0.57,2.1,0.93,0.98,0.47,157.5,-0.04,-70,0.77,4.9,0.93,1.18,0.27,190.3,0.07
GPA,-13,0,7.1,0.61,0.46,6.17,63.8,0.09,16,0.96,7.9,0.92,1.43,9.36,89.3,-0.04
HIKWGD,50,0.57,2.1,0.93,0.98,0.47,157.5,-0.04,-78,0.42,5.5,0.48,0.92,0.94,114.4,0.19
PTHIKWD,-20,-2.5,5.3,0.4,0.49,1.96,121.6,0.19,-78,0.42,5.5,0.48,0.92,0.94,114.4,0.19
YVP,53,0.72,3.1,1.53,0.69,3.13,194.6,-0.29,-20,-2.5,5.3,0.4,0.49,1.96,121.6,0.19
LVNDLVTPVFDNL,145,0.92,8.6,1.3,1.36,16.64,163.1,-0.37,145,0.92,8.6,1.3,1.36,16.64,163.1,-0.37
DTGP,-78,0.42,5.5,0.48,0.92,0.94,114.4,0.19,-20,-2.5,5.3,0.4,0.49,1.96,121.6,0.19
SVAKL,-70,0.53,6.6,0.82,0.7,5.58,94.2,0.12,145,0.92,8.6,1.3,1.36,16.64,163.1,-0.37
RIY,-70,0.77,4.9,0.93,1.18,0.27,190.3,0.07,53,0.72,3.1,1.53,0.69,3.13,194.6,-0.29
KGP,-141,0.73,6.7,0.7,1.27,0.58,165.1,0.33,-20,-2.5,5.3,0.4,0.49,1.96,121.6,0.19
YQKFPQY,53,0.72,3.1,1.53,0.69,3.13,194.6,-0.29,53,0.72,3.1,1.53,0.69,3.13,194.6,-0.29
IIY,151,0.84,5.2,1.81,1.04,13.73,163,-0.34,53,0.72,3.1,1.53,0.69,3.13,194.6,-0.29
YPFPGPIPN,53,0.72,3.1,1.53,0.69,3.13,194.6,-0.29,-74,0.39,4,0.6,0.64,2.31,122.4,0.13
FFVAP,189,0.59,3.9,1.25,1.19,10.99,190.8,-0.38,-20,-2.5,5.3,0.4,0.49,1.96,121.6,0.19
LYP,145,0.92,8.6,1.3,1.36,16.64,163.1,-0.37,-20,-2.5,5.3,0.4,0.49,1.96,121.6,0.19
VTVNPYKWLP,123,0.63,6.8,1.81,0.98,12.43,138.2,-0.29,-20,-2.5,5.3,0.4,0.49,1.96,121.6,0.19
WIHNENQGF,145,0.58,1.2,1.54,1.01,2.2,226.4,-0.33,189,0.59,3.9,1.25,1.19,10.99,190.8,-0.38
YYAPFE,53,0.72,3.1,1.53,0.69,3.13,194.6,-0.29,-106,0.53,7.1,0.61,1.67,0.94,138.8,0.23
GQVPP,-13,0,7.1,0.61,0.46,6.17,63.8,0.09,-20,-2.5,5.3,0.4,0.49,1.96,121.6,0.19
HKEMPFPKY,50,0.57,2.1,0.93,0.98,0.47,157.5,-0.04,53,0.72,3.1,1.53,0.69,3.13,194.6,-0.29
MRW,124,0.86,2.4,1.19,1.53,3.93,165.8,-0.3,145,0.58,1.2,1.54,1.01,2.2,226.4,-0.33
ITMIAPSAF,151,0.84,5.2,1.81,1.04,13.73,163,-0.34,189,0.59,3.9,1.25,1.19,10.99,190.8,-0.38
MA,124,0.86,2.4,1.19,1.53,3.93,165.8,-0.3,16,0.96,7.9,0.92,1.43,9.36,89.3,-0.04
AMQS,16,0.96,7.9,0.92,1.43,9.36,89.3,-0.04,-70,0.53,6.6,0.82,0.7,5.58,94.2,0.12
FNE,189,0.59,3.9,1.25,1.19,10.99,190.8,-0.38,-106,0.53,7.1,0.61,1.67,0.94,138.8,0.23
NIIPA,-74,0.39,4,0.6,0.64,2.31,122.4,0.13,16,0.96,7.9,0.92,1.43,9.36,89.3,-0.04
AIP,16,0.96,7.9,0.92,1.43,9.36,89.3,-0.04,-20,-2.5,5.3,0.4,0.49,1.96,121.6,0.19
YGGVSLPEW,53,0.72,3.1,1.53,0.69,3.13,194.6,-0.29,145,0.58,1.2,1.54,1.01,2.2,226.4,-0.33
AYIASKGL,16,0.96,7.9,0.92,1.43,9.36,89.3,-0.04,145,0.92,8.6,1.3,1.36,16.64,163.1,-0.37
DDTGHDFEDTGEAM,-78,0.42,5.5,0.48,0.92,0.94,114.4,0.19,124,0.86,2.4,1.19,1.53,3.93,165.8,-0.3
LR,145,0.92,8.6,1.3,1.36,16.64,163.1,-0.37,-70,0.77,4.9,0.93,1.18,0.27,190.3,0.07
YS,53,0.72,3.1,1.53,0.69,3.13,194.6,-0.29,-70,0.53,6.6,0.82,0.7,5.58,94.2,0.12
NILP,-74,0.39,4,0.6,0.64,2.31,122.4,0.13,-20,-2.5,5.3,0.4,0.49,1.96,121.6,0.19
VIEKYP,123,0.63,6.8,1.81,0.98,12.43,138.2,-0.29,-20,-2.5,5.3,0.4,0.49,1.96,121.6,0.19
VK,123,0.63,6.8,1.81,0.98,12.43,138.2,-0.29,-141,0.73,6.7,0.7,1.27,0.58,165.1,0.33
SKVPP,-70,0.53,6.6,0.82,0.7,5.58,94.2,0.12,-20,-2.5,5.3,0.4,0.49,1.96,121.6,0.19
KVLILA,-141,0.73,6.7,0.7,1.27,0.58,165.1,0.33,16,0.96,7.9,0.92,1.43,9.36,89.3,-0.04
IQSEPKAIP,151,0.84,5.2,1.81,1.04,13.73,163,-0.34,-20,-2.5,5.3,0.4,0.49,1.96,121.6,0.19
WY,145,0.58,1.2,1.54,1.01,2.2,226.4,-0.33,53,0.72,3.1,1.53,0.69,3.13,194.6,-0.29
KKIATYQER,-141,0.73,6.7,0.7,1.27,0.58,165.1,0.33,-70,0.77,4.9,0.93,1.18,0.27,190.3,0.07
YR,53,0.72,3.1,1.53,0.69,3.13,194.6,-0.29,-70,0.77,4.9,0.93,1.18,0.27,190.3,0.07
GPPGAIGP,-13,0,7.1,0.61,0.46,6.17,63.8,0.09,-20,-2.5,5.3,0.4,0.49,1.96,121.6,0.19
GKMVKVVSWY,-13,0,7.1,0.61,0.46,6.17,63.8,0.09,53,0.72,3.1,1.53,0.69,3.13,194.6,-0.29
VLLPDEVSGL,123,0.63,6.8,1.81,0.98,12.43,138.2,-0.29,145,0.92,8.6,1.3,1.36,16.64,163.1,-0.37
YE,53,0.72,3.1,1.53,0.69,3.13,194.6,-0.29,-106,0.53,7.1,0.61,1.67,0.94,138.8,0.23
IFVPA,151,0.84,5.2,1.81,1.04,13.73,163,-0.34,16,0.96,7.9,0.92,1.43,9.36,89.3,-0.04
LLLAHLL,145,0.92,8.6,1.3,1.36,16.64,163.1,-0.37,145,0.92,8.6,1.3,1.36,16.64,163.1,-0.37
VSGAGRY,123,0.63,6.8,1.81,0.98,12.43,138.2,-0.29,53,0.72,3.1,1.53,0.69,3.13,194.6,-0.29
MLPVY,124,0.86,2.4,1.19,1.53,3.93,165.8,-0.3,53,0.72,3.1,1.53,0.69,3.13,194.6,-0.29
VVVPP,123,0.63,6.8,1.81,0.98,12.43,138.2,-0.29,-20,-2.5,5.3,0.4,0.49,1.96,121.6,0.19
MDFLI,124,0.86,2.4,1.19,1.53,3.93,165.8,-0.3,151,0.84,5.2,1.81,1.04,13.73,163,-0.34
APGAPGPVG,16,0.96,7.9,0.92,1.43,9.36,89.3,-0.04,-13,0,7.1,0.61,0.46,6.17,63.8,0.09
LASPTM,145,0.92,8.6,1.3,1.36,16.64,163.1,-0.37,124,0.86,2.4,1.19,1.53,3.93,165.8,-0.3
KVGTKCCAKP,-141,0.73,6.7,0.7,1.27,0.58,165.1,0.33,-20,-2.5,5.3,0.4,0.49,1.96,121.6,0.19
GHS,-13,0,7.1,0.61,0.46,6.17,63.8,0.09,-70,0.53,6.6,0.82,0.7,5.58,94.2,0.12
ALNEINQFY,16,0.96,7.9,0.92,1.43,9.36,89.3,-0.04,53,0.72,3.1,1.53,0.69,3.13,194.6,-0.29
LTFPG,145,0.92,8.6,1.3,1.36,16.64,163.1,-0.37,-13,0,7.1,0.61,0.46,6.17,63.8,0.09
IVVE,151,0.84,5.2,1.81,1.04,13.73,163,-0.34,-106,0.53,7.1,0.61,1.67,0.94,138.8,0.23
IKP,151,0.84,5.2,1.81,1.04,13.73,163,-0.34,-20,-2.5,5.3,0.4,0.49,1.96,121.6,0.19
YPRY,53,0.72,3.1,1.53,0.69,3.13,194.6,-0.29,53,0.72,3.1,1.53,0.69,3.13,194.6,-0.29
EKERERQ,-106,0.53,7.1,0.61,1.67,0.94,138.8,0.23,-73,0.8,4.4,0.95,1.22,1.14,146.9,0.14
CVTPALR,168,0.42,1.9,1.16,0.94,2.56,102.5,-0.38,-70,0.77,4.9,0.93,1.18,0.27,190.3,0.07
LHLPAP,145,0.92,8.6,1.3,1.36,16.64,163.1,-0.37,-20,-2.5,5.3,0.4,0.49,1.96,121.6,0.19
PVNNPQIH,-20,-2.5,5.3,0.4,0.49,1.96,121.6,0.19,50,0.57,2.1,0.93,0.98,0.47,157.5,-0.04
HQAAGW,50,0.57,2.1,0.93,0.98,0.47,157.5,-0.04,145,0.58,1.2,1.54,1.01,2.2,226.4,-0.33
VSRHFASYAN,123,0.63,6.8,1.81,0.98,12.43,138.2,-0.29,-74,0.39,4,0.6,0.64,2.31,122.4,0.13
PTHIKWG,-20,-2.5,5.3,0.4,0.49,1.96,121.6,0.19,-13,0,7.1,0.61,0.46,6.17,63.8,0.09
LHPGDAQR,145,0.92,8.6,1.3,1.36,16.64,163.1,-0.37,-70,0.77,4.9,0.93,1.18,0.27,190.3,0.07
NLHLPLPLL,-74,0.39,4,0.6,0.64,2.31,122.4,0.13,145,0.92,8.6,1.3,1.36,16.64,163.1,-0.37
YPGIA,53,0.72,3.1,1.53,0.69,3.13,194.6,-0.29,16,0.96,7.9,0.92,1.43,9.36,89.3,-0.04
QSLVYP,-73,0.8,4.4,0.95,1.22,1.14,146.9,0.14,-20,-2.5,5.3,0.4,0.49,1.96,121.6,0.19
KFHSGIQSEPKAIP,-141,0.73,6.7,0.7,1.27,0.58,165.1,0.33,-20,-2.5,5.3,0.4,0.49,1.96,121.6,0.19
LLP,145,0.92,8.6,1.3,1.36,16.64,163.1,-0.37,-20,-2.5,5.3,0.4,0.49,1.96,121.6,0.19
VKCFR,123,0.63,6.8,1.81,0.98,12.43,138.2,-0.29,-70,0.77,4.9,0.93,1.18,0.27,190.3,0.07
KGLWE,-141,0.73,6.7,0.7,1.27,0.58,165.1,0.33,-106,0.53,7.1,0.61,1.67,0.94,138.8,0.23
VLDTDYK,123,0.63,6.8,1.81,0.98,12.43,138.2,-0.29,-141,0.73,6.7,0.7,1.27,0.58,165.1,0.33
PSY,-20,-2.5,5.3,0.4,0.49,1.96,121.6,0.19,53,0.72,3.1,1.53,0.69,3.13,194.6,-0.29
HIRL,50,0.57,2.1,0.93,0.98,0.47,157.5,-0.04,145,0.92,8.6,1.3,1.36,16.64,163.1,-0.37
MVGSAPGVL,124,0.86,2.4,1.19,1.53,3.93,165.8,-0.3,145,0.92,8.6,1.3,1.36,16.64,163.1,-0.37
PIW,-20,-2.5,5.3,0.4,0.49,1.96,121.6,0.19,145,0.58,1.2,1.54,1.01,2.2,226.4,-0.33
FHSGIQSEPKAIP,189,0.59,3.9,1.25,1.19,10.99,190.8,-0.38,-20,-2.5,5.3,0.4,0.49,1.96,121.6,0.19
PTHVAW,-20,-2.5,5.3,0.4,0.49,1.96,121.6,0.19,145,0.58,1.2,1.54,1.01,2.2,226.4,-0.33
GNGGA,-13,0,7.1,0.61,0.46,6.17,63.8,0.09,16,0.96,7.9,0.92,1.43,9.36,89.3,-0.04
IGSENSEKTTMP,151,0.84,5.2,1.81,1.04,13.73,163,-0.34,-20,-2.5,5.3,0.4,0.49,1.96,121.6,0.19
FQKVVA,189,0.59,3.9,1.25,1.19,10.99,190.8,-0.38,16,0.96,7.9,0.92,1.43,9.36,89.3,-0.04
CF,168,0.42,1.9,1.16,0.94,2.56,102.5,-0.38,189,0.59,3.9,1.25,1.19,10.99,190.8,-0.38
VLPEI,123,0.63,6.8,1.81,0.98,12.43,138.2,-0.29,151,0.84,5.2,1.81,1.04,13.73,163,-0.34
LKVGVKQY,145,0.92,8.6,1.3,1.36,16.64,163.1,-0.37,53,0.72,3.1,1.53,0.69,3.13,194.6,-0.29
INSQ,151,0.84,5.2,1.81,1.04,13.73,163,-0.34,-73,0.8,4.4,0.95,1.22,1.14,146.9,0.14
MM,124,0.86,2.4,1.19,1.53,3.93,165.8,-0.3,124,0.86,2.4,1.19,1.53,3.93,165.8,-0.3
TVQVTSTAV,-38,0.54,5.3,1.12,0.78,4.68,119.6,0.03,123,0.63,6.8,1.81,0.98,12.43,138.2,-0.29
RPKH,-70,0.77,4.9,0.93,1.18,0.27,190.3,0.07,50,0.57,2.1,0.93,0.98,0.47,157.5,-0.04
EPVLGPVRGPFP,-106,0.53,7.1,0.61,1.67,0.94,138.8,0.23,-20,-2.5,5.3,0.4,0.49,1.96,121.6,0.19
EPIPYGFLP,-106,0.53,7.1,0.61,1.67,0.94,138.8,0.23,-20,-2.5,5.3,0.4,0.49,1.96,121.6,0.19
DIGYY,-78,0.42,5.5,0.48,0.92,0.94,114.4,0.19,53,0.72,3.1,1.53,0.69,3.13,194.6,-0.29
MKY,124,0.86,2.4,1.19,1.53,3.93,165.8,-0.3,53,0.72,3.1,1.53,0.69,3.13,194.6,-0.29
YH,53,0.72,3.1,1.53,0.69,3.13,194.6,-0.29,50,0.57,2.1,0.93,0.98,0.47,157.5,-0.04
VMDKPQG,123,0.63,6.8,1.81,0.98,12.43,138.2,-0.29,-13,0,7.1,0.61,0.46,6.17,63.8,0.09
WT,145,0.58,1.2,1.54,1.01,2.2,226.4,-0.33,-38,0.54,5.3,1.12,0.78,4.68,119.6,0.03
EQGP,-106,0.53,7.1,0.61,1.67,0.94,138.8,0.23,-20,-2.5,5.3,0.4,0.49,1.96,121.6,0.19
VG,123,0.63,6.8,1.81,0.98,12.43,138.2,-0.29,-13,0,7.1,0.61,0.46,6.17,63.8,0.09
VAWKL,123,0.63,6.8,1.81,0.98,12.43,138.2,-0.29,145,0.92,8.6,1.3,1.36,16.64,163.1,-0.37
RMLGQ,-70,0.77,4.9,0.93,1.18,0.27,190.3,0.07,-73,0.8,4.4,0.95,1.22,1.14,146.9,0.14
VQV,123,0.63,6.8,1.81,0.98,12.43,138.2,-0.29,123,0.63,6.8,1.81,0.98,12.43,138.2,-0.29
VQ,123,0.63,6.8,1.81,0.98,12.43,138.2,-0.29,-73,0.8,4.4,0.95,1.22,1.14,146.9,0.14
AQL,16,0.96,7.9,0.92,1.43,9.36,89.3,-0.04,145,0.92,8.6,1.3,1.36,16.64,163.1,-0.37
SQPK,-70,0.53,6.6,0.82,0.7,5.58,94.2,0.12,-141,0.73,6.7,0.7,1.27,0.58,165.1,0.33
LNENLLRFFVAPFPEVFG,145,0.92,8.6,1.3,1.36,16.64,163.1,-0.37,-13,0,7.1,0.61,0.46,6.17,63.8,0.09
LSPA,145,0.92,8.6,1.3,1.36,16.64,163.1,-0.37,16,0.96,7.9,0.92,1.43,9.36,89.3,-0.04
AYFYPELF,16,0.96,7.9,0.92,1.43,9.36,89.3,-0.04,189,0.59,3.9,1.25,1.19,10.99,190.8,-0.38
IKPLDY,151,0.84,5.2,1.81,1.04,13.73,163,-0.34,53,0.72,3.1,1.53,0.69,3.13,194.6,-0.29
ASGPINFT,16,0.96,7.9,0.92,1.43,9.36,89.3,-0.04,-38,0.54,5.3,1.12,0.78,4.68,119.6,0.03
EVLP,-106,0.53,7.1,0.61,1.67,0.94,138.8,0.23,-20,-2.5,5.3,0.4,0.49,1.96,121.6,0.19
VIP,123,0.63,6.8,1.81,0.98,12.43,138.2,-0.29,-20,-2.5,5.3,0.4,0.49,1.96,121.6,0.19
GPPGTDGAP,-13,0,7.1,0.61,0.46,6.17,63.8,0.09,-20,-2.5,5.3,0.4,0.49,1.96,121.6,0.19
EMPFPK,-106,0.53,7.1,0.61,1.67,0.94,138.8,0.23,-141,0.73,6.7,0.7,1.27,0.58,165.1,0.33
HPFAQTQSLVYP,50,0.57,2.1,0.93,0.98,0.47,157.5,-0.04,-20,-2.5,5.3,0.4,0.49,1.96,121.6,0.19
GLDIQK,-13,0,7.1,0.61,0.46,6.17,63.8,0.09,-141,0.73,6.7,0.7,1.27,0.58,165.1,0.33
PTFIAW,-20,-2.5,5.3,0.4,0.49,1.96,121.6,0.19,145,0.58,1.2,1.54,1.01,2.2,226.4,-0.33
TKIVP,-38,0.54,5.3,1.12,0.78,4.68,119.6,0.03,-20,-2.5,5.3,0.4,0.49,1.96,121.6,0.19
IFL,151,0.84,5.2,1.81,1.04,13.73,163,-0.34,145,0.92,8.6,1.3,1.36,16.64,163.1,-0.37
IEW,151,0.84,5.2,1.81,1.04,13.73,163,-0.34,145,0.58,1.2,1.54,1.01,2.2,226.4,-0.33
IQSQPQAFP,151,0.84,5.2,1.81,1.04,13.73,163,-0.34,-20,-2.5,5.3,0.4,0.49,1.96,121.6,0.19
GIL,-13,0,7.1,0.61,0.46,6.17,63.8,0.09,145,0.92,8.6,1.3,1.36,16.64,163.1,-0.37
LVR,145,0.92,8.6,1.3,1.36,16.64,163.1,-0.37,-70,0.77,4.9,0.93,1.18,0.27,190.3,0.07
AVPYP,16,0.96,7.9,0.92,1.43,9.36,89.3,-0.04,-20,-2.5,5.3,0.4,0.49,1.96,121.6,0.19
IVGRPR,151,0.84,5.2,1.81,1.04,13.73,163,-0.34,-70,0.77,4.9,0.93,1.18,0.27,190.3,0.07
LNPPHQIYP,145,0.92,8.6,1.3,1.36,16.64,163.1,-0.37,-20,-2.5,5.3,0.4,0.49,1.96,121.6,0.19
KFY,-141,0.73,6.7,0.7,1.27,0.58,165.1,0.33,53,0.72,3.1,1.53,0.69,3.13,194.6,-0.29
PDLVF,-20,-2.5,5.3,0.4,0.49,1.96,121.6,0.19,189,0.59,3.9,1.25,1.19,10.99,190.8,-0.38
GVPKVKETMVPKH,-13,0,7.1,0.61,0.46,6.17,63.8,0.09,50,0.57,2.1,0.93,0.98,0.47,157.5,-0.04
FPEVFGK,189,0.59,3.9,1.25,1.19,10.99,190.8,-0.38,-141,0.73,6.7,0.7,1.27,0.58,165.1,0.33
PLFPK,-20,-2.5,5.3,0.4,0.49,1.96,121.6,0.19,-141,0.73,6.7,0.7,1.27,0.58,165.1,0.33
QEVLP,-73,0.8,4.4,0.95,1.22,1.14,146.9,0.14,-20,-2.5,5.3,0.4,0.49,1.96,121.6,0.19
NVR,-74,0.39,4,0.6,0.64,2.31,122.4,0.13,-70,0.77,4.9,0.93,1.18,0.27,190.3,0.07
QSEPKAIP,-73,0.8,4.4,0.95,1.22,1.14,146.9,0.14,-20,-2.5,5.3,0.4,0.49,1.96,121.6,0.19
PQR,-20,-2.5,5.3,0.4,0.49,1.96,121.6,0.19,-70,0.77,4.9,0.93,1.18,0.27,190.3,0.07
LAY,145,0.92,8.6,1.3,1.36,16.64,163.1,-0.37,53,0.72,3.1,1.53,0.69,3.13,194.6,-0.29
QSGP,-73,0.8,4.4,0.95,1.22,1.14,146.9,0.14,-20,-2.5,5.3,0.4,0.49,1.96,121.6,0.19
ENGLPVHLDQSIFRRP,-106,0.53,7.1,0.61,1.67,0.94,138.8,0.23,-20,-2.5,5.3,0.4,0.49,1.96,121.6,0.19
GVGAGY,-13,0,7.1,0.61,0.46,6.17,63.8,0.09,53,0.72,3.1,1.53,0.69,3.13,194.6,-0.29
PSFQP,-20,-2.5,5.3,0.4,0.49,1.96,121.6,0.19,-20,-2.5,5.3,0.4,0.49,1.96,121.6,0.19
FEGTVFENG,189,0.59,3.9,1.25,1.19,10.99,190.8,-0.38,-13,0,7.1,0.61,0.46,6.17,63.8,0.09
GLTSK,-13,0,7.1,0.61,0.46,6.17,63.8,0.09,-141,0.73,6.7,0.7,1.27,0.58,165.1,0.33
KIHPFAQAQ,-141,0.73,6.7,0.7,1.27,0.58,165.1,0.33,-73,0.8,4.4,0.95,1.22,1.14,146.9,0.14
IFY,151,0.84,5.2,1.81,1.04,13.73,163,-0.34,53,0.72,3.1,1.53,0.69,3.13,194.6,-0.29
DAQSAPLRVY,-78,0.42,5.5,0.48,0.92,0.94,114.4,0.19,53,0.72,3.1,1.53,0.69,3.13,194.6,-0.29
DAGP,-78,0.42,5.5,0.48,0.92,0.94,114.4,0.19,-20,-2.5,5.3,0.4,0.49,1.96,121.6,0.19
LLMLDNDLPP,145,0.92,8.6,1.3,1.36,16.64,163.1,-0.37,-20,-2.5,5.3,0.4,0.49,1.96,121.6,0.19
IFENLQN,151,0.84,5.2,1.81,1.04,13.73,163,-0.34,-74,0.39,4,0.6,0.64,2.31,122.4,0.13
LIVT,145,0.92,8.6,1.3,1.36,16.64,163.1,-0.37,-38,0.54,5.3,1.12,0.78,4.68,119.6,0.03
AFP,16,0.96,7.9,0.92,1.43,9.36,89.3,-0.04,-20,-2.5,5.3,0.4,0.49,1.96,121.6,0.19
PAQK,-20,-2.5,5.3,0.4,0.49,1.96,121.6,0.19,-141,0.73,6.7,0.7,1.27,0.58,165.1,0.33
LVYPFPGPIPNSLPQNIPP,145,0.92,8.6,1.3,1.36,16.64,163.1,-0.37,-20,-2.5,5.3,0.4,0.49,1.96,121.6,0.19
PTPVP,-20,-2.5,5.3,0.4,0.49,1.96,121.6,0.19,-20,-2.5,5.3,0.4,0.49,1.96,121.6,0.19
IVGRRRHQG,151,0.84,5.2,1.81,1.04,13.73,163,-0.34,-13,0,7.1,0.61,0.46,6.17,63.8,0.09
KIYPSFQPQPLIYP,-141,0.73,6.7,0.7,1.27,0.58,165.1,0.33,-20,-2.5,5.3,0.4,0.49,1.96,121.6,0.19
EPKAIP,-106,0.53,7.1,0.61,1.67,0.94,138.8,0.23,-20,-2.5,5.3,0.4,0.49,1.96,121.6,0.19
YK,53,0.72,3.1,1.53,0.69,3.13,194.6,-0.29,-141,0.73,6.7,0.7,1.27,0.58,165.1,0.33
PFFDPQIP,-20,-2.5,5.3,0.4,0.49,1.96,121.6,0.19,-20,-2.5,5.3,0.4,0.49,1.96,121.6,0.19
PNSHP,-20,-2.5,5.3,0.4,0.49,1.96,121.6,0.19,-20,-2.5,5.3,0.4,0.49,1.96,121.6,0.19
PPEIN,-20,-2.5,5.3,0.4,0.49,1.96,121.6,0.19,-74,0.39,4,0.6,0.64,2.31,122.4,0.13
VPPLYPN,123,0.63,6.8,1.81,0.98,12.43,138.2,-0.29,-74,0.39,4,0.6,0.64,2.31,122.4,0.13
VPP,123,0.63,6.8,1.81,0.98,12.43,138.2,-0.29,-20,-2.5,5.3,0.4,0.49,1.96,121.6,0.19
AVPYPQR,16,0.96,7.9,0.92,1.43,9.36,89.3,-0.04,-70,0.77,4.9,0.93,1.18,0.27,190.3,0.07
ENLLRFFVAPFPEVFG,-106,0.53,7.1,0.61,1.67,0.94,138.8,0.23,-13,0,7.1,0.61,0.46,6.17,63.8,0.09
TKY,-38,0.54,5.3,1.12,0.78,4.68,119.6,0.03,53,0.72,3.1,1.53,0.69,3.13,194.6,-0.29
GDLGKTTTVSNWSPPKYKDTP,-13,0,7.1,0.61,0.46,6.17,63.8,0.09,-20,-2.5,5.3,0.4,0.49,1.96,121.6,0.19
WA,145,0.58,1.2,1.54,1.01,2.2,226.4,-0.33,16,0.96,7.9,0.92,1.43,9.36,89.3,-0.04
LIVTQ,145,0.92,8.6,1.3,1.36,16.64,163.1,-0.37,-73,0.8,4.4,0.95,1.22,1.14,146.9,0.14
RYLG,-70,0.77,4.9,0.93,1.18,0.27,190.3,0.07,-13,0,7.1,0.61,0.46,6.17,63.8,0.09
ASP,16,0.96,7.9,0.92,1.43,9.36,89.3,-0.04,-20,-2.5,5.3,0.4,0.49,1.96,121.6,0.19
VR,123,0.63,6.8,1.81,0.98,12.43,138.2,-0.29,-70,0.77,4.9,0.93,1.18,0.27,190.3,0.07
LAMA,145,0.92,8.6,1.3,1.36,16.64,163.1,-0.37,16,0.96,7.9,0.92,1.43,9.36,89.3,-0.04
LALR,145,0.92,8.6,1.3,1.36,16.64,163.1,-0.37,-70,0.77,4.9,0.93,1.18,0.27,190.3,0.07
ACHP,16,0.96,7.9,0.92,1.43,9.36,89.3,-0.04,-20,-2.5,5.3,0.4,0.49,1.96,121.6,0.19
WTFR,145,0.58,1.2,1.54,1.01,2.2,226.4,-0.33,-70,0.77,4.9,0.93,1.18,0.27,190.3,0.07
VHW,123,0.63,6.8,1.81,0.98,12.43,138.2,-0.29,145,0.58,1.2,1.54,1.01,2.2,226.4,-0.33
LK,145,0.92,8.6,1.3,1.36,16.64,163.1,-0.37,-141,0.73,6.7,0.7,1.27,0.58,165.1,0.33
IYPR,151,0.84,5.2,1.81,1.04,13.73,163,-0.34,-70,0.77,4.9,0.93,1.18,0.27,190.3,0.07
KLKFV,-141,0.73,6.7,0.7,1.27,0.58,165.1,0.33,123,0.63,6.8,1.81,0.98,12.43,138.2,-0.29
HLL,50,0.57,2.1,0.93,0.98,0.47,157.5,-0.04,145,0.92,8.6,1.3,1.36,16.64,163.1,-0.37
VYPFPGPI,123,0.63,6.8,1.81,0.98,12.43,138.2,-0.29,151,0.84,5.2,1.81,1.04,13.73,163,-0.34
GMKCAF,-13,0,7.1,0.61,0.46,6.17,63.8,0.09,189,0.59,3.9,1.25,1.19,10.99,190.8,-0.38
DLQGK,-78,0.42,5.5,0.48,0.92,0.94,114.4,0.19,-141,0.73,6.7,0.7,1.27,0.58,165.1,0.33
MPF,124,0.86,2.4,1.19,1.53,3.93,165.8,-0.3,189,0.59,3.9,1.25,1.19,10.99,190.8,-0.38
AL,16,0.96,7.9,0.92,1.43,9.36,89.3,-0.04,145,0.92,8.6,1.3,1.36,16.64,163.1,-0.37
SVAKLE,-70,0.53,6.6,0.82,0.7,5.58,94.2,0.12,-106,0.53,7.1,0.61,1.67,0.94,138.8,0.23
GKP,-13,0,7.1,0.61,0.46,6.17,63.8,0.09,-20,-2.5,5.3,0.4,0.49,1.96,121.6,0.19
LGFPTTKTYFPHF,145,0.92,8.6,1.3,1.36,16.64,163.1,-0.37,189,0.59,3.9,1.25,1.19,10.99,190.8,-0.38
NKGPR,-74,0.39,4,0.6,0.64,2.31,122.4,0.13,-70,0.77,4.9,0.93,1.18,0.27,190.3,0.07
DGVVYY,-78,0.42,5.5,0.48,0.92,0.94,114.4,0.19,53,0.72,3.1,1.53,0.69,3.13,194.6,-0.29
SPYP,-70,0.53,6.6,0.82,0.7,5.58,94.2,0.12,-20,-2.5,5.3,0.4,0.49,1.96,121.6,0.19
VAHINVWK,123,0.63,6.8,1.81,0.98,12.43,138.2,-0.29,-141,0.73,6.7,0.7,1.27,0.58,165.1,0.33
IRAQQ,151,0.84,5.2,1.81,1.04,13.73,163,-0.34,-73,0.8,4.4,0.95,1.22,1.14,146.9,0.14
KLRP,-141,0.73,6.7,0.7,1.27,0.58,165.1,0.33,-20,-2.5,5.3,0.4,0.49,1.96,121.6,0.19
LSSGDVF,145,0.92,8.6,1.3,1.36,16.64,163.1,-0.37,189,0.59,3.9,1.25,1.19,10.99,190.8,-0.38
LLYQQPVLGPVRGPFPIIV,145,0.92,8.6,1.3,1.36,16.64,163.1,-0.37,123,0.63,6.8,1.81,0.98,12.43,138.2,-0.29
THIKWGD,-38,0.54,5.3,1.12,0.78,4.68,119.6,0.03,-78,0.42,5.5,0.48,0.92,0.94,114.4,0.19
DELQDKIHPFAQTQSLVYPFPGPIPNS,-78,0.42,5.5,0.48,0.92,0.94,114.4,0.19,-70,0.53,6.6,0.82,0.7,5.58,94.2,0.12
SPRCR,-70,0.53,6.6,0.82,0.7,5.58,94.2,0.12,-70,0.77,4.9,0.93,1.18,0.27,190.3,0.07
YLYEIAR,53,0.72,3.1,1.53,0.69,3.13,194.6,-0.29,-70,0.77,4.9,0.93,1.18,0.27,190.3,0.07
IRY,151,0.84,5.2,1.81,1.04,13.73,163,-0.34,53,0.72,3.1,1.53,0.69,3.13,194.6,-0.29
SWSF,-70,0.53,6.6,0.82,0.7,5.58,94.2,0.12,189,0.59,3.9,1.25,1.19,10.99,190.8,-0.38
IPF,151,0.84,5.2,1.81,1.04,13.73,163,-0.34,189,0.59,3.9,1.25,1.19,10.99,190.8,-0.38
YKLRP,53,0.72,3.1,1.53,0.69,3.13,194.6,-0.29,-20,-2.5,5.3,0.4,0.49,1.96,121.6,0.19
EAPPK,-106,0.53,7.1,0.61,1.67,0.94,138.8,0.23,-141,0.73,6.7,0.7,1.27,0.58,165.1,0.33
PTHIKWGD,-20,-2.5,5.3,0.4,0.49,1.96,121.6,0.19,-78,0.42,5.5,0.48,0.92,0.94,114.4,0.19
IAIPP,151,0.84,5.2,1.81,1.04,13.73,163,-0.34,-20,-2.5,5.3,0.4,0.49,1.96,121.6,0.19
YNK,53,0.72,3.1,1.53,0.69,3.13,194.6,-0.29,-141,0.73,6.7,0.7,1.27,0.58,165.1,0.33
PER,-20,-2.5,5.3,0.4,0.49,1.96,121.6,0.19,-70,0.77,4.9,0.93,1.18,0.27,190.3,0.07
PKHP,-20,-2.5,5.3,0.4,0.49,1.96,121.6,0.19,-20,-2.5,5.3,0.4,0.49,1.96,121.6,0.19
PAVVRP,-20,-2.5,5.3,0.4,0.49,1.96,121.6,0.19,-20,-2.5,5.3,0.4,0.49,1.96,121.6,0.19
VQVTSTAV,123,0.63,6.8,1.81,0.98,12.43,138.2,-0.29,123,0.63,6.8,1.81,0.98,12.43,138.2,-0.29
YYAKPAAVR,53,0.72,3.1,1.53,0.69,3.13,194.6,-0.29,-70,0.77,4.9,0.93,1.18,0.27,190.3,0.07
PAPPK,-20,-2.5,5.3,0.4,0.49,1.96,121.6,0.19,-141,0.73,6.7,0.7,1.27,0.58,165.1,0.33
HNW,50,0.57,2.1,0.93,0.98,0.47,157.5,-0.04,145,0.58,1.2,1.54,1.01,2.2,226.4,-0.33
PVPP,-20,-2.5,5.3,0.4,0.49,1.96,121.6,0.19,-20,-2.5,5.3,0.4,0.49,1.96,121.6,0.19
AH,16,0.96,7.9,0.92,1.43,9.36,89.3,-0.04,50,0.57,2.1,0.93,0.98,0.47,157.5,-0.04
VWIS,123,0.63,6.8,1.81,0.98,12.43,138.2,-0.29,-70,0.53,6.6,0.82,0.7,5.58,94.2,0.12
VPKVK,123,0.63,6.8,1.81,0.98,12.43,138.2,-0.29,-141,0.73,6.7,0.7,1.27,0.58,165.1,0.33
NG,-74,0.39,4,0.6,0.64,2.31,122.4,0.13,-13,0,7.1,0.61,0.46,6.17,63.8,0.09
NAGPFTPTVNREQLSTS,-74,0.39,4,0.6,0.64,2.31,122.4,0.13,-70,0.53,6.6,0.82,0.7,5.58,94.2,0.12
MK,124,0.86,2.4,1.19,1.53,3.93,165.8,-0.3,-141,0.73,6.7,0.7,1.27,0.58,165.1,0.33
NP,-74,0.39,4,0.6,0.64,2.31,122.4,0.13,-20,-2.5,5.3,0.4,0.49,1.96,121.6,0.19
VLPF,123,0.63,6.8,1.81,0.98,12.43,138.2,-0.29,189,0.59,3.9,1.25,1.19,10.99,190.8,-0.38
VFKAF,123,0.63,6.8,1.81,0.98,12.43,138.2,-0.29,189,0.59,3.9,1.25,1.19,10.99,190.8,-0.38
PYKWLP,-20,-2.5,5.3,0.4,0.49,1.96,121.6,0.19,-20,-2.5,5.3,0.4,0.49,1.96,121.6,0.19
YY,53,0.72,3.1,1.53,0.69,3.13,194.6,-0.29,53,0.72,3.1,1.53,0.69,3.13,194.6,-0.29
YN,53,0.72,3.1,1.53,0.69,3.13,194.6,-0.29,-74,0.39,4,0.6,0.64,2.31,122.4,0.13
VADVYVGK,123,0.63,6.8,1.81,0.98,12.43,138.2,-0.29,-141,0.73,6.7,0.7,1.27,0.58,165.1,0.33
RADHP,-70,0.77,4.9,0.93,1.18,0.27,190.3,0.07,-20,-2.5,5.3,0.4,0.49,1.96,121.6,0.19
AQK,16,0.96,7.9,0.92,1.43,9.36,89.3,-0.04,-141,0.73,6.7,0.7,1.27,0.58,165.1,0.33
LRPVAA,145,0.92,8.6,1.3,1.36,16.64,163.1,-0.37,16,0.96,7.9,0.92,1.43,9.36,89.3,-0.04
YQNPRLGPTGELDPATQPIVAVHNPVIV,53,0.72,3.1,1.53,0.69,3.13,194.6,-0.29,123,0.63,6.8,1.81,0.98,12.43,138.2,-0.29
VRK,123,0.63,6.8,1.81,0.98,12.43,138.2,-0.29,-141,0.73,6.7,0.7,1.27,0.58,165.1,0.33
VW,123,0.63,6.8,1.81,0.98,12.43,138.2,-0.29,145,0.58,1.2,1.54,1.01,2.2,226.4,-0.33
QLGP,-73,0.8,4.4,0.95,1.22,1.14,146.9,0.14,-20,-2.5,5.3,0.4,0.49,1.96,121.6,0.19
VSLPEW,123,0.63,6.8,1.81,0.98,12.43,138.2,-0.29,145,0.58,1.2,1.54,1.01,2.2,226.4,-0.33
KAPVA,-141,0.73,6.7,0.7,1.27,0.58,165.1,0.33,16,0.96,7.9,0.92,1.43,9.36,89.3,-0.04
VRYL,123,0.63,6.8,1.81,0.98,12.43,138.2,-0.29,145,0.92,8.6,1.3,1.36,16.64,163.1,-0.37
LDAQSAPLR,145,0.92,8.6,1.3,1.36,16.64,163.1,-0.37,-70,0.77,4.9,0.93,1.18,0.27,190.3,0.07
FAQTQSLVYP,189,0.59,3.9,1.25,1.19,10.99,190.8,-0.38,-20,-2.5,5.3,0.4,0.49,1.96,121.6,0.19
FFVAPFPEVFGK,189,0.59,3.9,1.25,1.19,10.99,190.8,-0.38,-141,0.73,6.7,0.7,1.27,0.58,165.1,0.33
LY,145,0.92,8.6,1.3,1.36,16.64,163.1,-0.37,53,0.72,3.1,1.53,0.69,3.13,194.6,-0.29
NF,-74,0.39,4,0.6,0.64,2.31,122.4,0.13,189,0.59,3.9,1.25,1.19,10.99,190.8,-0.38
KVLPVP,-141,0.73,6.7,0.7,1.27,0.58,165.1,0.33,-20,-2.5,5.3,0.4,0.49,1.96,121.6,0.19
AGP,16,0.96,7.9,0.92,1.43,9.36,89.3,-0.04,-20,-2.5,5.3,0.4,0.49,1.96,121.6,0.19
AI,16,0.96,7.9,0.92,1.43,9.36,89.3,-0.04,151,0.84,5.2,1.81,1.04,13.73,163,-0.34
GTEKC,-13,0,7.1,0.61,0.46,6.17,63.8,0.09,168,0.42,1.9,1.16,0.94,2.56,102.5,-0.38
VDF,123,0.63,6.8,1.81,0.98,12.43,138.2,-0.29,189,0.59,3.9,1.25,1.19,10.99,190.8,-0.38
PLPLL,-20,-2.5,5.3,0.4,0.49,1.96,121.6,0.19,145,0.92,8.6,1.3,1.36,16.64,163.1,-0.37
LNPA,145,0.92,8.6,1.3,1.36,16.64,163.1,-0.37,16,0.96,7.9,0.92,1.43,9.36,89.3,-0.04
LNVVGETVE,145,0.92,8.6,1.3,1.36,16.64,163.1,-0.37,-106,0.53,7.1,0.61,1.67,0.94,138.8,0.23
RPP,-70,0.77,4.9,0.93,1.18,0.27,190.3,0.07,-20,-2.5,5.3,0.4,0.49,1.96,121.6,0.19
IHPFAQTQSLVYP,151,0.84,5.2,1.81,1.04,13.73,163,-0.34,-20,-2.5,5.3,0.4,0.49,1.96,121.6,0.19
FGRCVSP,189,0.59,3.9,1.25,1.19,10.99,190.8,-0.38,-20,-2.5,5.3,0.4,0.49,1.96,121.6,0.19
NCW,-74,0.39,4,0.6,0.64,2.31,122.4,0.13,145,0.58,1.2,1.54,1.01,2.2,226.4,-0.33
INDPF,151,0.84,5.2,1.81,1.04,13.73,163,-0.34,189,0.59,3.9,1.25,1.19,10.99,190.8,-0.38
GFR,-13,0,7.1,0.61,0.46,6.17,63.8,0.09,-70,0.77,4.9,0.93,1.18,0.27,190.3,0.07
DKIHPF,-78,0.42,5.5,0.48,0.92,0.94,114.4,0.19,189,0.59,3.9,1.25,1.19,10.99,190.8,-0.38
KLEK,-141,0.73,6.7,0.7,1.27,0.58,165.1,0.33,-141,0.73,6.7,0.7,1.27,0.58,165.1,0.33
GKKIATYQER,-13,0,7.1,0.61,0.46,6.17,63.8,0.09,-70,0.77,4.9,0.93,1.18,0.27,190.3,0.07
ANPAVVRP,16,0.96,7.9,0.92,1.43,9.36,89.3,-0.04,-20,-2.5,5.3,0.4,0.49,1.96,121.6,0.19
VLSRYP,123,0.63,6.8,1.81,0.98,12.43,138.2,-0.29,-20,-2.5,5.3,0.4,0.49,1.96,121.6,0.19
GIQSEPKAIP,-13,0,7.1,0.61,0.46,6.17,63.8,0.09,-20,-2.5,5.3,0.4,0.49,1.96,121.6,0.19
HLPLP,50,0.57,2.1,0.93,0.98,0.47,157.5,-0.04,-20,-2.5,5.3,0.4,0.49,1.96,121.6,0.19
KDYRL,-141,0.73,6.7,0.7,1.27,0.58,165.1,0.33,145,0.92,8.6,1.3,1.36,16.64,163.1,-0.37
TPWVPPFLQP,-38,0.54,5.3,1.12,0.78,4.68,119.6,0.03,-20,-2.5,5.3,0.4,0.49,1.96,121.6,0.19
IPP,151,0.84,5.2,1.81,1.04,13.73,163,-0.34,-20,-2.5,5.3,0.4,0.49,1.96,121.6,0.19
RGY,-70,0.77,4.9,0.93,1.18,0.27,190.3,0.07,53,0.72,3.1,1.53,0.69,3.13,194.6,-0.29
YPIL,53,0.72,3.1,1.53,0.69,3.13,194.6,-0.29,145,0.92,8.6,1.3,1.36,16.64,163.1,-0.37
AMKPW,16,0.96,7.9,0.92,1.43,9.36,89.3,-0.04,145,0.58,1.2,1.54,1.01,2.2,226.4,-0.33
TLKYP,-38,0.54,5.3,1.12,0.78,4.68,119.6,0.03,-20,-2.5,5.3,0.4,0.49,1.96,121.6,0.19
GFPGTPGLPGF,-13,0,7.1,0.61,0.46,6.17,63.8,0.09,189,0.59,3.9,1.25,1.19,10.99,190.8,-0.38
GQY,-13,0,7.1,0.61,0.46,6.17,63.8,0.09,53,0.72,3.1,1.53,0.69,3.13,194.6,-0.29
YAEER,53,0.72,3.1,1.53,0.69,3.13,194.6,-0.29,-70,0.77,4.9,0.93,1.18,0.27,190.3,0.07
PFPEVFGK,-20,-2.5,5.3,0.4,0.49,1.96,121.6,0.19,-141,0.73,6.7,0.7,1.27,0.58,165.1,0.33
IITNW,151,0.84,5.2,1.81,1.04,13.73,163,-0.34,145,0.58,1.2,1.54,1.01,2.2,226.4,-0.33
VLVPK,123,0.63,6.8,1.81,0.98,12.43,138.2,-0.29,-141,0.73,6.7,0.7,1.27,0.58,165.1,0.33
YYA,53,0.72,3.1,1.53,0.69,3.13,194.6,-0.29,16,0.96,7.9,0.92,1.43,9.36,89.3,-0.04
HAEIN,50,0.57,2.1,0.93,0.98,0.47,157.5,-0.04,-74,0.39,4,0.6,0.64,2.31,122.4,0.13
IIP,151,0.84,5.2,1.81,1.04,13.73,163,-0.34,-20,-2.5,5.3,0.4,0.49,1.96,121.6,0.19
VKAGF,123,0.63,6.8,1.81,0.98,12.43,138.2,-0.29,189,0.59,3.9,1.25,1.19,10.99,190.8,-0.38
NNVMLQW,-74,0.39,4,0.6,0.64,2.31,122.4,0.13,145,0.58,1.2,1.54,1.01,2.2,226.4,-0.33
TGPIPN,-38,0.54,5.3,1.12,0.78,4.68,119.6,0.03,-74,0.39,4,0.6,0.64,2.31,122.4,0.13
PHA,-20,-2.5,5.3,0.4,0.49,1.96,121.6,0.19,16,0.96,7.9,0.92,1.43,9.36,89.3,-0.04
VVYPWT,123,0.63,6.8,1.81,0.98,12.43,138.2,-0.29,-38,0.54,5.3,1.12,0.78,4.68,119.6,0.03
RPR,-70,0.77,4.9,0.93,1.18,0.27,190.3,0.07,-70,0.77,4.9,0.93,1.18,0.27,190.3,0.07
YQEPVLGP,53,0.72,3.1,1.53,0.69,3.13,194.6,-0.29,-20,-2.5,5.3,0.4,0.49,1.96,121.6,0.19
DYG,-78,0.42,5.5,0.48,0.92,0.94,114.4,0.19,-13,0,7.1,0.61,0.46,6.17,63.8,0.09
VWIG,123,0.63,6.8,1.81,0.98,12.43,138.2,-0.29,-13,0,7.1,0.61,0.46,6.17,63.8,0.09
PAGPR,-20,-2.5,5.3,0.4,0.49,1.96,121.6,0.19,-70,0.77,4.9,0.93,1.18,0.27,190.3,0.07
FFGVRCVSP,189,0.59,3.9,1.25,1.19,10.99,190.8,-0.38,-20,-2.5,5.3,0.4,0.49,1.96,121.6,0.19
AKF,16,0.96,7.9,0.92,1.43,9.36,89.3,-0.04,189,0.59,3.9,1.25,1.19,10.99,190.8,-0.38
VAGTW,123,0.63,6.8,1.81,0.98,12.43,138.2,-0.29,145,0.58,1.2,1.54,1.01,2.2,226.4,-0.33
AGTTCLFTPLALPYDYSH,16,0.96,7.9,0.92,1.43,9.36,89.3,-0.04,50,0.57,2.1,0.93,0.98,0.47,157.5,-0.04
VKK,123,0.63,6.8,1.81,0.98,12.43,138.2,-0.29,-141,0.73,6.7,0.7,1.27,0.58,165.1,0.33
DTW,-78,0.42,5.5,0.48,0.92,0.94,114.4,0.19,145,0.58,1.2,1.54,1.01,2.2,226.4,-0.33
HLPPPV,50,0.57,2.1,0.93,0.98,0.47,157.5,-0.04,123,0.63,6.8,1.81,0.98,12.43,138.2,-0.29
LGALPF,145,0.92,8.6,1.3,1.36,16.64,163.1,-0.37,189,0.59,3.9,1.25,1.19,10.99,190.8,-0.38
VPA,123,0.63,6.8,1.81,0.98,12.43,138.2,-0.29,16,0.96,7.9,0.92,1.43,9.36,89.3,-0.04
VYAPFE,123,0.63,6.8,1.81,0.98,12.43,138.2,-0.29,-106,0.53,7.1,0.61,1.67,0.94,138.8,0.23
FWN,189,0.59,3.9,1.25,1.19,10.99,190.8,-0.38,-74,0.39,4,0.6,0.64,2.31,122.4,0.13
TK,-38,0.54,5.3,1.12,0.78,4.68,119.6,0.03,-141,0.73,6.7,0.7,1.27,0.58,165.1,0.33
RVPSL,-70,0.77,4.9,0.93,1.18,0.27,190.3,0.07,145,0.92,8.6,1.3,1.36,16.64,163.1,-0.37
MMVPI,124,0.86,2.4,1.19,1.53,3.93,165.8,-0.3,151,0.84,5.2,1.81,1.04,13.73,163,-0.34
VYRT,123,0.63,6.8,1.81,0.98,12.43,138.2,-0.29,-38,0.54,5.3,1.12,0.78,4.68,119.6,0.03
QDNSRYTHFLTQHYDAFPQGR,-73,0.8,4.4,0.95,1.22,1.14,146.9,0.14,-70,0.77,4.9,0.93,1.18,0.27,190.3,0.07
WG,145,0.58,1.2,1.54,1.01,2.2,226.4,-0.33,-13,0,7.1,0.61,0.46,6.17,63.8,0.09
MLPAY,124,0.86,2.4,1.19,1.53,3.93,165.8,-0.3,53,0.72,3.1,1.53,0.69,3.13,194.6,-0.29
LKPNM,145,0.92,8.6,1.3,1.36,16.64,163.1,-0.37,124,0.86,2.4,1.19,1.53,3.93,165.8,-0.3
VEV,123,0.63,6.8,1.81,0.98,12.43,138.2,-0.29,123,0.63,6.8,1.81,0.98,12.43,138.2,-0.29
AEL,16,0.96,7.9,0.92,1.43,9.36,89.3,-0.04,145,0.92,8.6,1.3,1.36,16.64,163.1,-0.37
AGS,16,0.96,7.9,0.92,1.43,9.36,89.3,-0.04,-70,0.53,6.6,0.82,0.7,5.58,94.2,0.12
PTHIAW,-20,-2.5,5.3,0.4,0.49,1.96,121.6,0.19,145,0.58,1.2,1.54,1.01,2.2,226.4,-0.33
LVPFGW,145,0.92,8.6,1.3,1.36,16.64,163.1,-0.37,145,0.58,1.2,1.54,1.01,2.2,226.4,-0.33
ELIN,-106,0.53,7.1,0.61,1.67,0.94,138.8,0.23,-74,0.39,4,0.6,0.64,2.31,122.4,0.13
FFGRCVSP,189,0.59,3.9,1.25,1.19,10.99,190.8,-0.38,-20,-2.5,5.3,0.4,0.49,1.96,121.6,0.19
IKY,151,0.84,5.2,1.81,1.04,13.73,163,-0.34,53,0.72,3.1,1.53,0.69,3.13,194.6,-0.29
MCESASSK,124,0.86,2.4,1.19,1.53,3.93,165.8,-0.3,-141,0.73,6.7,0.7,1.27,0.58,165.1,0.33
VLPIPQ,123,0.63,6.8,1.81,0.98,12.43,138.2,-0.29,-73,0.8,4.4,0.95,1.22,1.14,146.9,0.14
GPK,-13,0,7.1,0.61,0.46,6.17,63.8,0.09,-141,0.73,6.7,0.7,1.27,0.58,165.1,0.33
LLRH,145,0.92,8.6,1.3,1.36,16.64,163.1,-0.37,50,0.57,2.1,0.93,0.98,0.47,157.5,-0.04
IYPRY,151,0.84,5.2,1.81,1.04,13.73,163,-0.34,53,0.72,3.1,1.53,0.69,3.13,194.6,-0.29
WVPSV,145,0.58,1.2,1.54,1.01,2.2,226.4,-0.33,123,0.63,6.8,1.81,0.98,12.43,138.2,-0.29
PRY,-20,-2.5,5.3,0.4,0.49,1.96,121.6,0.19,53,0.72,3.1,1.53,0.69,3.13,194.6,-0.29
IKPVQ,151,0.84,5.2,1.81,1.04,13.73,163,-0.34,-73,0.8,4.4,0.95,1.22,1.14,146.9,0.14
ALNEINQFYQK,16,0.96,7.9,0.92,1.43,9.36,89.3,-0.04,-141,0.73,6.7,0.7,1.27,0.58,165.1,0.33
KGYGGVSLPEW,-141,0.73,6.7,0.7,1.27,0.58,165.1,0.33,145,0.58,1.2,1.54,1.01,2.2,226.4,-0.33
IQW,151,0.84,5.2,1.81,1.04,13.73,163,-0.34,145,0.58,1.2,1.54,1.01,2.2,226.4,-0.33
HSGIQSEPKAIP,50,0.57,2.1,0.93,0.98,0.47,157.5,-0.04,-20,-2.5,5.3,0.4,0.49,1.96,121.6,0.19
GPPGPP,-13,0,7.1,0.61,0.46,6.17,63.8,0.09,-20,-2.5,5.3,0.4,0.49,1.96,121.6,0.19
PTHIKWN,-20,-2.5,5.3,0.4,0.49,1.96,121.6,0.19,-74,0.39,4,0.6,0.64,2.31,122.4,0.13
EAP,-106,0.53,7.1,0.61,1.67,0.94,138.8,0.23,-20,-2.5,5.3,0.4,0.49,1.96,121.6,0.19
PRVF,-20,-2.5,5.3,0.4,0.49,1.96,121.6,0.19,189,0.59,3.9,1.25,1.19,10.99,190.8,-0.38
MIFPGAGGPEL,124,0.86,2.4,1.19,1.53,3.93,165.8,-0.3,145,0.92,8.6,1.3,1.36,16.64,163.1,-0.37
VVGAK,123,0.63,6.8,1.81,0.98,12.43,138.2,-0.29,-141,0.73,6.7,0.7,1.27,0.58,165.1,0.33
RDILNQ,-70,0.77,4.9,0.93,1.18,0.27,190.3,0.07,-73,0.8,4.4,0.95,1.22,1.14,146.9,0.14
LHLYLP,145,0.92,8.6,1.3,1.36,16.64,163.1,-0.37,-20,-2.5,5.3,0.4,0.49,1.96,121.6,0.19
YKWL,53,0.72,3.1,1.53,0.69,3.13,194.6,-0.29,145,0.92,8.6,1.3,1.36,16.64,163.1,-0.37
TNGIIR,-38,0.54,5.3,1.12,0.78,4.68,119.6,0.03,-70,0.77,4.9,0.93,1.18,0.27,190.3,0.07
SVAKLEK,-70,0.53,6.6,0.82,0.7,5.58,94.2,0.12,-141,0.73,6.7,0.7,1.27,0.58,165.1,0.33
LPP,145,0.92,8.6,1.3,1.36,16.64,163.1,-0.37,-20,-2.5,5.3,0.4,0.49,1.96,121.6,0.19
SKVLPVPE,-70,0.53,6.6,0.82,0.7,5.58,94.2,0.12,-106,0.53,7.1,0.61,1.67,0.94,138.8,0.23
WIR,145,0.58,1.2,1.54,1.01,2.2,226.4,-0.33,-70,0.77,4.9,0.93,1.18,0.27,190.3,0.07
RHQG,-70,0.77,4.9,0.93,1.18,0.27,190.3,0.07,-13,0,7.1,0.61,0.46,6.17,63.8,0.09
GLPGSRGERGLPG,-13,0,7.1,0.61,0.46,6.17,63.8,0.09,-13,0,7.1,0.61,0.46,6.17,63.8,0.09
IPALLKR,151,0.84,5.2,1.81,1.04,13.73,163,-0.34,-70,0.77,4.9,0.93,1.18,0.27,190.3,0.07
ER,-106,0.53,7.1,0.61,1.67,0.94,138.8,0.23,-70,0.77,4.9,0.93,1.18,0.27,190.3,0.07
LVPP,145,0.92,8.6,1.3,1.36,16.64,163.1,-0.37,-20,-2.5,5.3,0.4,0.49,1.96,121.6,0.19
GPVGPA,-13,0,7.1,0.61,0.46,6.17,63.8,0.09,16,0.96,7.9,0.92,1.43,9.36,89.3,-0.04
QIGP,-73,0.8,4.4,0.95,1.22,1.14,146.9,0.14,-20,-2.5,5.3,0.4,0.49,1.96,121.6,0.19
GM,-13,0,7.1,0.61,0.46,6.17,63.8,0.09,124,0.86,2.4,1.19,1.53,3.93,165.8,-0.3
VAY,123,0.63,6.8,1.81,0.98,12.43,138.2,-0.29,53,0.72,3.1,1.53,0.69,3.13,194.6,-0.29
GGFIE,-13,0,7.1,0.61,0.46,6.17,63.8,0.09,-106,0.53,7.1,0.61,1.67,0.94,138.8,0.23
VWDPPKFD,123,0.63,6.8,1.81,0.98,12.43,138.2,-0.29,-78,0.42,5.5,0.48,0.92,0.94,114.4,0.19
DA,-78,0.42,5.5,0.48,0.92,0.94,114.4,0.19,16,0.96,7.9,0.92,1.43,9.36,89.3,-0.04
LTQTPVVVPP,145,0.92,8.6,1.3,1.36,16.64,163.1,-0.37,-20,-2.5,5.3,0.4,0.49,1.96,121.6,0.19
IF,151,0.84,5.2,1.81,1.04,13.73,163,-0.34,189,0.59,3.9,1.25,1.19,10.99,190.8,-0.38
ENGLPVHLDQSIFR,-106,0.53,7.1,0.61,1.67,0.94,138.8,0.23,-70,0.77,4.9,0.93,1.18,0.27,190.3,0.07
KY,-141,0.73,6.7,0.7,1.27,0.58,165.1,0.33,53,0.72,3.1,1.53,0.69,3.13,194.6,-0.29
HQG,50,0.57,2.1,0.93,0.98,0.47,157.5,-0.04,-13,0,7.1,0.61,0.46,6.17,63.8,0.09
DNLLN,-78,0.42,5.5,0.48,0.92,0.94,114.4,0.19,-74,0.39,4,0.6,0.64,2.31,122.4,0.13
RL,-70,0.77,4.9,0.93,1.18,0.27,190.3,0.07,145,0.92,8.6,1.3,1.36,16.64,163.1,-0.37
VVG,123,0.63,6.8,1.81,0.98,12.43,138.2,-0.29,-13,0,7.1,0.61,0.46,6.17,63.8,0.09
AHEPVK,16,0.96,7.9,0.92,1.43,9.36,89.3,-0.04,-141,0.73,6.7,0.7,1.27,0.58,165.1,0.33
VVF,123,0.63,6.8,1.81,0.98,12.43,138.2,-0.29,189,0.59,3.9,1.25,1.19,10.99,190.8,-0.38
TPCPPQ,-38,0.54,5.3,1.12,0.78,4.68,119.6,0.03,-73,0.8,4.4,0.95,1.22,1.14,146.9,0.14
WVPSVY,145,0.58,1.2,1.54,1.01,2.2,226.4,-0.33,53,0.72,3.1,1.53,0.69,3.13,194.6,-0.29
IKPLNY,151,0.84,5.2,1.81,1.04,13.73,163,-0.34,53,0.72,3.1,1.53,0.69,3.13,194.6,-0.29
VLGPVRGPFPIIV,123,0.63,6.8,1.81,0.98,12.43,138.2,-0.29,123,0.63,6.8,1.81,0.98,12.43,138.2,-0.29
MTEEY,124,0.86,2.4,1.19,1.53,3.93,165.8,-0.3,53,0.72,3.1,1.53,0.69,3.13,194.6,-0.29
CFCTKPC,168,0.42,1.9,1.16,0.94,2.56,102.5,-0.38,168,0.42,1.9,1.16,0.94,2.56,102.5,-0.38
PANIKWGD,-20,-2.5,5.3,0.4,0.49,1.96,121.6,0.19,-78,0.42,5.5,0.48,0.92,0.94,114.4,0.19
HDHM,50,0.57,2.1,0.93,0.98,0.47,157.5,-0.04,124,0.86,2.4,1.19,1.53,3.93,165.8,-0.3
SKVYP,-70,0.53,6.6,0.82,0.7,5.58,94.2,0.12,-20,-2.5,5.3,0.4,0.49,1.96,121.6,0.19
AKYCY,16,0.96,7.9,0.92,1.43,9.36,89.3,-0.04,53,0.72,3.1,1.53,0.69,3.13,194.6,-0.29
DPYKLRP,-78,0.42,5.5,0.48,0.92,0.94,114.4,0.19,-20,-2.5,5.3,0.4,0.49,1.96,121.6,0.19
IG,151,0.84,5.2,1.81,1.04,13.73,163,-0.34,-13,0,7.1,0.61,0.46,6.17,63.8,0.09
MILLLFR,124,0.86,2.4,1.19,1.53,3.93,165.8,-0.3,-70,0.77,4.9,0.93,1.18,0.27,190.3,0.07
GL,-13,0,7.1,0.61,0.46,6.17,63.8,0.09,145,0.92,8.6,1.3,1.36,16.64,163.1,-0.37
DW,-78,0.42,5.5,0.48,0.92,0.94,114.4,0.19,145,0.58,1.2,1.54,1.01,2.2,226.4,-0.33
YVVFK,53,0.72,3.1,1.53,0.69,3.13,194.6,-0.29,-141,0.73,6.7,0.7,1.27,0.58,165.1,0.33
GVYPHK,-13,0,7.1,0.61,0.46,6.17,63.8,0.09,-141,0.73,6.7,0.7,1.27,0.58,165.1,0.33
IAK,151,0.84,5.2,1.81,1.04,13.73,163,-0.34,-141,0.73,6.7,0.7,1.27,0.58,165.1,0.33
PVPQP,-20,-2.5,5.3,0.4,0.49,1.96,121.6,0.19,-20,-2.5,5.3,0.4,0.49,1.96,121.6,0.19
IWHHTF,151,0.84,5.2,1.81,1.04,13.73,163,-0.34,189,0.59,3.9,1.25,1.19,10.99,190.8,-0.38
LRY,145,0.92,8.6,1.3,1.36,16.64,163.1,-0.37,53,0.72,3.1,1.53,0.69,3.13,194.6,-0.29
PSSNK,-20,-2.5,5.3,0.4,0.49,1.96,121.6,0.19,-141,0.73,6.7,0.7,1.27,0.58,165.1,0.33
LPF,145,0.92,8.6,1.3,1.36,16.64,163.1,-0.37,189,0.59,3.9,1.25,1.19,10.99,190.8,-0.38
PKAIP,-20,-2.5,5.3,0.4,0.49,1.96,121.6,0.19,-20,-2.5,5.3,0.4,0.49,1.96,121.6,0.19
ENLHLPLP,-106,0.53,7.1,0.61,1.67,0.94,138.8,0.23,-20,-2.5,5.3,0.4,0.49,1.96,121.6,0.19
YKWLP,53,0.72,3.1,1.53,0.69,3.13,194.6,-0.29,-20,-2.5,5.3,0.4,0.49,1.96,121.6,0.19
YRGGLEPINF,53,0.72,3.1,1.53,0.69,3.13,194.6,-0.29,189,0.59,3.9,1.25,1.19,10.99,190.8,-0.38
LKY,145,0.92,8.6,1.3,1.36,16.64,163.1,-0.37,53,0.72,3.1,1.53,0.69,3.13,194.6,-0.29
RALP,-70,0.77,4.9,0.93,1.18,0.27,190.3,0.07,-20,-2.5,5.3,0.4,0.49,1.96,121.6,0.19
IAIP,151,0.84,5.2,1.81,1.04,13.73,163,-0.34,-20,-2.5,5.3,0.4,0.49,1.96,121.6,0.19
YPK,53,0.72,3.1,1.53,0.69,3.13,194.6,-0.29,-141,0.73,6.7,0.7,1.27,0.58,165.1,0.33
LEE,145,0.92,8.6,1.3,1.36,16.64,163.1,-0.37,-106,0.53,7.1,0.61,1.67,0.94,138.8,0.23
VECYGPNRPQF,123,0.63,6.8,1.81,0.98,12.43,138.2,-0.29,189,0.59,3.9,1.25,1.19,10.99,190.8,-0.38
GPAGAP,-13,0,7.1,0.61,0.46,6.17,63.8,0.09,-20,-2.5,5.3,0.4,0.49,1.96,121.6,0.19
VVCVPW,123,0.63,6.8,1.81,0.98,12.43,138.2,-0.29,145,0.58,1.2,1.54,1.01,2.2,226.4,-0.33
KAAAATP,-141,0.73,6.7,0.7,1.27,0.58,165.1,0.33,-20,-2.5,5.3,0.4,0.49,1.96,121.6,0.19
TGPIPNSLPQ,-38,0.54,5.3,1.12,0.78,4.68,119.6,0.03,-73,0.8,4.4,0.95,1.22,1.14,146.9,0.14
KLPAGTLF,-141,0.73,6.7,0.7,1.27,0.58,165.1,0.33,189,0.59,3.9,1.25,1.19,10.99,190.8,-0.38
EKGP,-106,0.53,7.1,0.61,1.67,0.94,138.8,0.23,-20,-2.5,5.3,0.4,0.49,1.96,121.6,0.19
LSMGSASLSP,145,0.92,8.6,1.3,1.36,16.64,163.1,-0.37,-20,-2.5,5.3,0.4,0.49,1.96,121.6,0.19
LQW,145,0.92,8.6,1.3,1.36,16.64,163.1,-0.37,145,0.58,1.2,1.54,1.01,2.2,226.4,-0.33
TDQHQDKIYP,-38,0.54,5.3,1.12,0.78,4.68,119.6,0.03,-20,-2.5,5.3,0.4,0.49,1.96,121.6,0.19
TVDQHQ,-38,0.54,5.3,1.12,0.78,4.68,119.6,0.03,-73,0.8,4.4,0.95,1.22,1.14,146.9,0.14
NKL,-74,0.39,4,0.6,0.64,2.31,122.4,0.13,145,0.92,8.6,1.3,1.36,16.64,163.1,-0.37
YSQQQQ,53,0.72,3.1,1.53,0.69,3.13,194.6,-0.29,-73,0.8,4.4,0.95,1.22,1.14,146.9,0.14
IIPLEN,151,0.84,5.2,1.81,1.04,13.73,163,-0.34,-74,0.39,4,0.6,0.64,2.31,122.4,0.13
IWHHT,151,0.84,5.2,1.81,1.04,13.73,163,-0.34,-38,0.54,5.3,1.12,0.78,4.68,119.6,0.03
GY,-13,0,7.1,0.61,0.46,6.17,63.8,0.09,53,0.72,3.1,1.53,0.69,3.13,194.6,-0.29
LRIPVA,145,0.92,8.6,1.3,1.36,16.64,163.1,-0.37,16,0.96,7.9,0.92,1.43,9.36,89.3,-0.04
TTN,-38,0.54,5.3,1.12,0.78,4.68,119.6,0.03,-74,0.39,4,0.6,0.64,2.31,122.4,0.13
TFPHGP,-38,0.54,5.3,1.12,0.78,4.68,119.6,0.03,-20,-2.5,5.3,0.4,0.49,1.96,121.6,0.19
FKR,189,0.59,3.9,1.25,1.19,10.99,190.8,-0.38,-70,0.77,4.9,0.93,1.18,0.27,190.3,0.07
AVVRP,16,0.96,7.9,0.92,1.43,9.36,89.3,-0.04,-20,-2.5,5.3,0.4,0.49,1.96,121.6,0.19
VIIF,123,0.63,6.8,1.81,0.98,12.43,138.2,-0.29,189,0.59,3.9,1.25,1.19,10.99,190.8,-0.38
IR,151,0.84,5.2,1.81,1.04,13.73,163,-0.34,-70,0.77,4.9,0.93,1.18,0.27,190.3,0.07
HA,50,0.57,2.1,0.93,0.98,0.47,157.5,-0.04,16,0.96,7.9,0.92,1.43,9.36,89.3,-0.04
YALPHA,53,0.72,3.1,1.53,0.69,3.13,194.6,-0.29,16,0.96,7.9,0.92,1.43,9.36,89.3,-0.04
MLLCS,124,0.86,2.4,1.19,1.53,3.93,165.8,-0.3,-70,0.53,6.6,0.82,0.7,5.58,94.2,0.12
VLPYP,123,0.63,6.8,1.81,0.98,12.43,138.2,-0.29,-20,-2.5,5.3,0.4,0.49,1.96,121.6,0.19
APGAGVY,16,0.96,7.9,0.92,1.43,9.36,89.3,-0.04,53,0.72,3.1,1.53,0.69,3.13,194.6,-0.29
PP,-20,-2.5,5.3,0.4,0.49,1.96,121.6,0.19,-20,-2.5,5.3,0.4,0.49,1.96,121.6,0.19
TNW,-38,0.54,5.3,1.12,0.78,4.68,119.6,0.03,145,0.58,1.2,1.54,1.01,2.2,226.4,-0.33
FKGRYYP,189,0.59,3.9,1.25,1.19,10.99,190.8,-0.38,-20,-2.5,5.3,0.4,0.49,1.96,121.6,0.19
PYKLRP,-20,-2.5,5.3,0.4,0.49,1.96,121.6,0.19,-20,-2.5,5.3,0.4,0.49,1.96,121.6,0.19
PG,-20,-2.5,5.3,0.4,0.49,1.96,121.6,0.19,-13,0,7.1,0.61,0.46,6.17,63.8,0.09
RY,-70,0.77,4.9,0.93,1.18,0.27,190.3,0.07,53,0.72,3.1,1.53,0.69,3.13,194.6,-0.29
FQKVVAK,189,0.59,3.9,1.25,1.19,10.99,190.8,-0.38,-141,0.73,6.7,0.7,1.27,0.58,165.1,0.33
GVHHA,-13,0,7.1,0.61,0.46,6.17,63.8,0.09,16,0.96,7.9,0.92,1.43,9.36,89.3,-0.04
SHP,-70,0.53,6.6,0.82,0.7,5.58,94.2,0.12,-20,-2.5,5.3,0.4,0.49,1.96,121.6,0.19
FYPEL,189,0.59,3.9,1.25,1.19,10.99,190.8,-0.38,145,0.92,8.6,1.3,1.36,16.64,163.1,-0.37
FDART,189,0.59,3.9,1.25,1.19,10.99,190.8,-0.38,-38,0.54,5.3,1.12,0.78,4.68,119.6,0.03
QPQPLIYP,-73,0.8,4.4,0.95,1.22,1.14,146.9,0.14,-20,-2.5,5.3,0.4,0.49,1.96,121.6,0.19
FGG,189,0.59,3.9,1.25,1.19,10.99,190.8,-0.38,-13,0,7.1,0.61,0.46,6.17,63.8,0.09
EG,-106,0.53,7.1,0.61,1.67,0.94,138.8,0.23,-13,0,7.1,0.61,0.46,6.17,63.8,0.09
LAHKAL,145,0.92,8.6,1.3,1.36,16.64,163.1,-0.37,145,0.92,8.6,1.3,1.36,16.64,163.1,-0.37
VYAP,123,0.63,6.8,1.81,0.98,12.43,138.2,-0.29,-20,-2.5,5.3,0.4,0.49,1.96,121.6,0.19
FDK,189,0.59,3.9,1.25,1.19,10.99,190.8,-0.38,-141,0.73,6.7,0.7,1.27,0.58,165.1,0.33
FK,189,0.59,3.9,1.25,1.19,10.99,190.8,-0.38,-141,0.73,6.7,0.7,1.27,0.58,165.1,0.33
EP,-106,0.53,7.1,0.61,1.67,0.94,138.8,0.23,-20,-2.5,5.3,0.4,0.49,1.96,121.6,0.19
TCSP,-38,0.54,5.3,1.12,0.78,4.68,119.6,0.03,-20,-2.5,5.3,0.4,0.49,1.96,121.6,0.19
TVGMTAKF,-38,0.54,5.3,1.12,0.78,4.68,119.6,0.03,189,0.59,3.9,1.25,1.19,10.99,190.8,-0.38
ALPM,16,0.96,7.9,0.92,1.43,9.36,89.3,-0.04,124,0.86,2.4,1.19,1.53,3.93,165.8,-0.3
AAATP,16,0.96,7.9,0.92,1.43,9.36,89.3,-0.04,-20,-2.5,5.3,0.4,0.49,1.96,121.6,0.19
LEGR,145,0.92,8.6,1.3,1.36,16.64,163.1,-0.37,-70,0.77,4.9,0.93,1.18,0.27,190.3,0.07
YKW,53,0.72,3.1,1.53,0.69,3.13,194.6,-0.29,145,0.58,1.2,1.54,1.01,2.2,226.4,-0.33
GPFPILV,-13,0,7.1,0.61,0.46,6.17,63.8,0.09,123,0.63,6.8,1.81,0.98,12.43,138.2,-0.29
PADIKWGD,-20,-2.5,5.3,0.4,0.49,1.96,121.6,0.19,-78,0.42,5.5,0.48,0.92,0.94,114.4,0.19
NPP,-74,0.39,4,0.6,0.64,2.31,122.4,0.13,-20,-2.5,5.3,0.4,0.49,1.96,121.6,0.19
IVR,151,0.84,5.2,1.81,1.04,13.73,163,-0.34,-70,0.77,4.9,0.93,1.18,0.27,190.3,0.07
LHP,145,0.92,8.6,1.3,1.36,16.64,163.1,-0.37,-20,-2.5,5.3,0.4,0.49,1.96,121.6,0.19
WHHTF,145,0.58,1.2,1.54,1.01,2.2,226.4,-0.33,189,0.59,3.9,1.25,1.19,10.99,190.8,-0.38
QLLKLK,-73,0.8,4.4,0.95,1.22,1.14,146.9,0.14,-141,0.73,6.7,0.7,1.27,0.58,165.1,0.33
RADHPFL,-70,0.77,4.9,0.93,1.18,0.27,190.3,0.07,145,0.92,8.6,1.3,1.36,16.64,163.1,-0.37
GFYPPP,-13,0,7.1,0.61,0.46,6.17,63.8,0.09,-20,-2.5,5.3,0.4,0.49,1.96,121.6,0.19
LPPP,145,0.92,8.6,1.3,1.36,16.64,163.1,-0.37,-20,-2.5,5.3,0.4,0.49,1.96,121.6,0.19
GPCSR,-13,0,7.1,0.61,0.46,6.17,63.8,0.09,-70,0.77,4.9,0.93,1.18,0.27,190.3,0.07
VVYPW,123,0.63,6.8,1.81,0.98,12.43,138.2,-0.29,145,0.58,1.2,1.54,1.01,2.2,226.4,-0.33
PGPLGLTGP,-20,-2.5,5.3,0.4,0.49,1.96,121.6,0.19,-20,-2.5,5.3,0.4,0.49,1.96,121.6,0.19
GVYPH,-13,0,7.1,0.61,0.46,6.17,63.8,0.09,50,0.57,2.1,0.93,0.98,0.47,157.5,-0.04
WQVLPNAVPAK,145,0.58,1.2,1.54,1.01,2.2,226.4,-0.33,-141,0.73,6.7,0.7,1.27,0.58,165.1,0.33
LLNP,145,0.92,8.6,1.3,1.36,16.64,163.1,-0.37,-20,-2.5,5.3,0.4,0.49,1.96,121.6,0.19
LAIPVNKP,145,0.92,8.6,1.3,1.36,16.64,163.1,-0.37,-20,-2.5,5.3,0.4,0.49,1.96,121.6,0.19
RVR,-70,0.77,4.9,0.93,1.18,0.27,190.3,0.07,-70,0.77,4.9,0.93,1.18,0.27,190.3,0.07
QLGFLGPR,-73,0.8,4.4,0.95,1.22,1.14,146.9,0.14,-70,0.77,4.9,0.93,1.18,0.27,190.3,0.07
GILRP,-13,0,7.1,0.61,0.46,6.17,63.8,0.09,-20,-2.5,5.3,0.4,0.49,1.96,121.6,0.19
PYVRYL,-20,-2.5,5.3,0.4,0.49,1.96,121.6,0.19,145,0.92,8.6,1.3,1.36,16.64,163.1,-0.37
WHP,145,0.58,1.2,1.54,1.01,2.2,226.4,-0.33,-20,-2.5,5.3,0.4,0.49,1.96,121.6,0.19
YGG,53,0.72,3.1,1.53,0.69,3.13,194.6,-0.29,-13,0,7.1,0.61,0.46,6.17,63.8,0.09
HHT,50,0.57,2.1,0.93,0.98,0.47,157.5,-0.04,-38,0.54,5.3,1.12,0.78,4.68,119.6,0.03
GPVGPP,-13,0,7.1,0.61,0.46,6.17,63.8,0.09,-20,-2.5,5.3,0.4,0.49,1.96,121.6,0.19
RELKDL,-70,0.77,4.9,0.93,1.18,0.27,190.3,0.07,145,0.92,8.6,1.3,1.36,16.64,163.1,-0.37
DP,-78,0.42,5.5,0.48,0.92,0.94,114.4,0.19,-20,-2.5,5.3,0.4,0.49,1.96,121.6,0.19
KFAWPQ,-141,0.73,6.7,0.7,1.27,0.58,165.1,0.33,-73,0.8,4.4,0.95,1.22,1.14,146.9,0.14
HQDF,50,0.57,2.1,0.93,0.98,0.47,157.5,-0.04,189,0.59,3.9,1.25,1.19,10.99,190.8,-0.38
MYY,124,0.86,2.4,1.19,1.53,3.93,165.8,-0.3,53,0.72,3.1,1.53,0.69,3.13,194.6,-0.29
IW,151,0.84,5.2,1.81,1.04,13.73,163,-0.34,145,0.58,1.2,1.54,1.01,2.2,226.4,-0.33
GLYP,-13,0,7.1,0.61,0.46,6.17,63.8,0.09,-20,-2.5,5.3,0.4,0.49,1.96,121.6,0.19
MNP,124,0.86,2.4,1.19,1.53,3.93,165.8,-0.3,-20,-2.5,5.3,0.4,0.49,1.96,121.6,0.19
KAIP,-141,0.73,6.7,0.7,1.27,0.58,165.1,0.33,-20,-2.5,5.3,0.4,0.49,1.96,121.6,0.19
QNALIVRYTR,-73,0.8,4.4,0.95,1.22,1.14,146.9,0.14,-70,0.77,4.9,0.93,1.18,0.27,190.3,0.07
VPQP,123,0.63,6.8,1.81,0.98,12.43,138.2,-0.29,-20,-2.5,5.3,0.4,0.49,1.96,121.6,0.19
RPKHPIKH,-70,0.77,4.9,0.93,1.18,0.27,190.3,0.07,50,0.57,2.1,0.93,0.98,0.47,157.5,-0.04
PQEVLP,-20,-2.5,5.3,0.4,0.49,1.96,121.6,0.19,-20,-2.5,5.3,0.4,0.49,1.96,121.6,0.19
SY,-70,0.53,6.6,0.82,0.7,5.58,94.2,0.12,53,0.72,3.1,1.53,0.69,3.13,194.6,-0.29
LPPPVH,145,0.92,8.6,1.3,1.36,16.64,163.1,-0.37,50,0.57,2.1,0.93,0.98,0.47,157.5,-0.04
IYLL,151,0.84,5.2,1.81,1.04,13.73,163,-0.34,145,0.92,8.6,1.3,1.36,16.64,163.1,-0.37
PAGPVG,-20,-2.5,5.3,0.4,0.49,1.96,121.6,0.19,-13,0,7.1,0.61,0.46,6.17,63.8,0.09
PKLPPVKK,-20,-2.5,5.3,0.4,0.49,1.96,121.6,0.19,-141,0.73,6.7,0.7,1.27,0.58,165.1,0.33
QP,-73,0.8,4.4,0.95,1.22,1.14,146.9,0.14,-20,-2.5,5.3,0.4,0.49,1.96,121.6,0.19
LYPVK,145,0.92,8.6,1.3,1.36,16.64,163.1,-0.37,-141,0.73,6.7,0.7,1.27,0.58,165.1,0.33
VRGPFPIIV,123,0.63,6.8,1.81,0.98,12.43,138.2,-0.29,123,0.63,6.8,1.81,0.98,12.43,138.2,-0.29
EEYPDL,-106,0.53,7.1,0.61,1.67,0.94,138.8,0.23,145,0.92,8.6,1.3,1.36,16.64,163.1,-0.37
PRHQG,-20,-2.5,5.3,0.4,0.49,1.96,121.6,0.19,-13,0,7.1,0.61,0.46,6.17,63.8,0.09
QG,-73,0.8,4.4,0.95,1.22,1.14,146.9,0.14,-13,0,7.1,0.61,0.46,6.17,63.8,0.09
SGIQSEPKAIP,-70,0.53,6.6,0.82,0.7,5.58,94.2,0.12,-20,-2.5,5.3,0.4,0.49,1.96,121.6,0.19
FRC,189,0.59,3.9,1.25,1.19,10.99,190.8,-0.38,168,0.42,1.9,1.16,0.94,2.56,102.5,-0.38
LIPPGVPY,145,0.92,8.6,1.3,1.36,16.64,163.1,-0.37,53,0.72,3.1,1.53,0.69,3.13,194.6,-0.29
ADHP,16,0.96,7.9,0.92,1.43,9.36,89.3,-0.04,-20,-2.5,5.3,0.4,0.49,1.96,121.6,0.19
LPYPY,145,0.92,8.6,1.3,1.36,16.64,163.1,-0.37,53,0.72,3.1,1.53,0.69,3.13,194.6,-0.29
DILN,-78,0.42,5.5,0.48,0.92,0.94,114.4,0.19,-74,0.39,4,0.6,0.64,2.31,122.4,0.13
KRVIQY,-141,0.73,6.7,0.7,1.27,0.58,165.1,0.33,53,0.72,3.1,1.53,0.69,3.13,194.6,-0.29
VHLAP,123,0.63,6.8,1.81,0.98,12.43,138.2,-0.29,-20,-2.5,5.3,0.4,0.49,1.96,121.6,0.19
IPQEVLP,151,0.84,5.2,1.81,1.04,13.73,163,-0.34,-20,-2.5,5.3,0.4,0.49,1.96,121.6,0.19
YTAGV,53,0.72,3.1,1.53,0.69,3.13,194.6,-0.29,123,0.63,6.8,1.81,0.98,12.43,138.2,-0.29
IA,151,0.84,5.2,1.81,1.04,13.73,163,-0.34,16,0.96,7.9,0.92,1.43,9.36,89.3,-0.04
VLY,123,0.63,6.8,1.81,0.98,12.43,138.2,-0.29,53,0.72,3.1,1.53,0.69,3.13,194.6,-0.29
RPVQ,-70,0.77,4.9,0.93,1.18,0.27,190.3,0.07,-73,0.8,4.4,0.95,1.22,1.14,146.9,0.14
LNVPGEIVE,145,0.92,8.6,1.3,1.36,16.64,163.1,-0.37,-106,0.53,7.1,0.61,1.67,0.94,138.8,0.23
FY,189,0.59,3.9,1.25,1.19,10.99,190.8,-0.38,53,0.72,3.1,1.53,0.69,3.13,194.6,-0.29
RPQIPP,-70,0.77,4.9,0.93,1.18,0.27,190.3,0.07,-20,-2.5,5.3,0.4,0.49,1.96,121.6,0.19
RPKHPIKHQ,-70,0.77,4.9,0.93,1.18,0.27,190.3,0.07,-73,0.8,4.4,0.95,1.22,1.14,146.9,0.14
DF,-78,0.42,5.5,0.48,0.92,0.94,114.4,0.19,189,0.59,3.9,1.25,1.19,10.99,190.8,-0.38
RADHPF,-70,0.77,4.9,0.93,1.18,0.27,190.3,0.07,189,0.59,3.9,1.25,1.19,10.99,190.8,-0.38
ALPH,16,0.96,7.9,0.92,1.43,9.36,89.3,-0.04,50,0.57,2.1,0.93,0.98,0.47,157.5,-0.04
IVRDPNGMGAW,151,0.84,5.2,1.81,1.04,13.73,163,-0.34,145,0.58,1.2,1.54,1.01,2.2,226.4,-0.33
IMY,151,0.84,5.2,1.81,1.04,13.73,163,-0.34,53,0.72,3.1,1.53,0.69,3.13,194.6,-0.29
QLLLQQ,-73,0.8,4.4,0.95,1.22,1.14,146.9,0.14,-73,0.8,4.4,0.95,1.22,1.14,146.9,0.14
CRQNTLGHNTQTSIAQ,168,0.42,1.9,1.16,0.94,2.56,102.5,-0.38,-73,0.8,4.4,0.95,1.22,1.14,146.9,0.14
PVQ,-20,-2.5,5.3,0.4,0.49,1.96,121.6,0.19,-73,0.8,4.4,0.95,1.22,1.14,146.9,0.14
GVPKVKETMVPK,-13,0,7.1,0.61,0.46,6.17,63.8,0.09,-141,0.73,6.7,0.7,1.27,0.58,165.1,0.33
LGI,145,0.92,8.6,1.3,1.36,16.64,163.1,-0.37,151,0.84,5.2,1.81,1.04,13.73,163,-0.34
PYKW,-20,-2.5,5.3,0.4,0.49,1.96,121.6,0.19,145,0.58,1.2,1.54,1.01,2.2,226.4,-0.33
KIEL,-141,0.73,6.7,0.7,1.27,0.58,165.1,0.33,145,0.92,8.6,1.3,1.36,16.64,163.1,-0.37
KWLP,-141,0.73,6.7,0.7,1.27,0.58,165.1,0.33,-20,-2.5,5.3,0.4,0.49,1.96,121.6,0.19
IVQ,151,0.84,5.2,1.81,1.04,13.73,163,-0.34,-73,0.8,4.4,0.95,1.22,1.14,146.9,0.14
FRADHPFL,189,0.59,3.9,1.25,1.19,10.99,190.8,-0.38,145,0.92,8.6,1.3,1.36,16.64,163.1,-0.37
LVYPFTGPIPN,145,0.92,8.6,1.3,1.36,16.64,163.1,-0.37,-74,0.39,4,0.6,0.64,2.31,122.4,0.13
PYK,-20,-2.5,5.3,0.4,0.49,1.96,121.6,0.19,-141,0.73,6.7,0.7,1.27,0.58,165.1,0.33
IVGRPRHQG,151,0.84,5.2,1.81,1.04,13.73,163,-0.34,-13,0,7.1,0.61,0.46,6.17,63.8,0.09
RML,-70,0.77,4.9,0.93,1.18,0.27,190.3,0.07,145,0.92,8.6,1.3,1.36,16.64,163.1,-0.37
TPVVVPPFLQP,-38,0.54,5.3,1.12,0.78,4.68,119.6,0.03,-20,-2.5,5.3,0.4,0.49,1.96,121.6,0.19
IIAEK,151,0.84,5.2,1.81,1.04,13.73,163,-0.34,-141,0.73,6.7,0.7,1.27,0.58,165.1,0.33
LQQ,145,0.92,8.6,1.3,1.36,16.64,163.1,-0.37,-73,0.8,4.4,0.95,1.22,1.14,146.9,0.14
AMNPP,16,0.96,7.9,0.92,1.43,9.36,89.3,-0.04,-20,-2.5,5.3,0.4,0.49,1.96,121.6,0.19
AYFYPEL,16,0.96,7.9,0.92,1.43,9.36,89.3,-0.04,145,0.92,8.6,1.3,1.36,16.64,163.1,-0.37
HANENIF,50,0.57,2.1,0.93,0.98,0.47,157.5,-0.04,189,0.59,3.9,1.25,1.19,10.99,190.8,-0.38
KAEEEYPDL,-141,0.73,6.7,0.7,1.27,0.58,165.1,0.33,145,0.92,8.6,1.3,1.36,16.64,163.1,-0.37
GAW,-13,0,7.1,0.61,0.46,6.17,63.8,0.09,145,0.58,1.2,1.54,1.01,2.2,226.4,-0.33
GLG,-13,0,7.1,0.61,0.46,6.17,63.8,0.09,-13,0,7.1,0.61,0.46,6.17,63.8,0.09
RLSGQTIEVTSEYLFRH,-70,0.77,4.9,0.93,1.18,0.27,190.3,0.07,50,0.57,2.1,0.93,0.98,0.47,157.5,-0.04
ISHIYVWK,151,0.84,5.2,1.81,1.04,13.73,163,-0.34,-141,0.73,6.7,0.7,1.27,0.58,165.1,0.33
FCVL,189,0.59,3.9,1.25,1.19,10.99,190.8,-0.38,145,0.92,8.6,1.3,1.36,16.64,163.1,-0.37
FL,189,0.59,3.9,1.25,1.19,10.99,190.8,-0.38,145,0.92,8.6,1.3,1.36,16.64,163.1,-0.37
GH,-13,0,7.1,0.61,0.46,6.17,63.8,0.09,50,0.57,2.1,0.93,0.98,0.47,157.5,-0.04
AAATPL,16,0.96,7.9,0.92,1.43,9.36,89.3,-0.04,145,0.92,8.6,1.3,1.36,16.64,163.1,-0.37
HG,50,0.57,2.1,0.93,0.98,0.47,157.5,-0.04,-13,0,7.1,0.61,0.46,6.17,63.8,0.09
VHSSIQSQPQAFT,123,0.63,6.8,1.81,0.98,12.43,138.2,-0.29,-38,0.54,5.3,1.12,0.78,4.68,119.6,0.03
GVDNPGHPF,-13,0,7.1,0.61,0.46,6.17,63.8,0.09,189,0.59,3.9,1.25,1.19,10.99,190.8,-0.38
EGEPR,-106,0.53,7.1,0.61,1.67,0.94,138.8,0.23,-70,0.77,4.9,0.93,1.18,0.27,190.3,0.07
VWP,123,0.63,6.8,1.81,0.98,12.43,138.2,-0.29,-20,-2.5,5.3,0.4,0.49,1.96,121.6,0.19
GAPGPAGPGGIPGERG,-13,0,7.1,0.61,0.46,6.17,63.8,0.09,-13,0,7.1,0.61,0.46,6.17,63.8,0.09
TNP,-38,0.54,5.3,1.12,0.78,4.68,119.6,0.03,-20,-2.5,5.3,0.4,0.49,1.96,121.6,0.19
TKVIP,-38,0.54,5.3,1.12,0.78,4.68,119.6,0.03,-20,-2.5,5.3,0.4,0.49,1.96,121.6,0.19
YYPQIMQY,53,0.72,3.1,1.53,0.69,3.13,194.6,-0.29,53,0.72,3.1,1.53,0.69,3.13,194.6,-0.29
GKKVLQ,-13,0,7.1,0.61,0.46,6.17,63.8,0.09,-73,0.8,4.4,0.95,1.22,1.14,146.9,0.14
CVL,168,0.42,1.9,1.16,0.94,2.56,102.5,-0.38,145,0.92,8.6,1.3,1.36,16.64,163.1,-0.37
PTHIKW,-20,-2.5,5.3,0.4,0.49,1.96,121.6,0.19,145,0.58,1.2,1.54,1.01,2.2,226.4,-0.33
NIPPLTQTPV,-74,0.39,4,0.6,0.64,2.31,122.4,0.13,123,0.63,6.8,1.81,0.98,12.43,138.2,-0.29
GAAELPCSADWW,-13,0,7.1,0.61,0.46,6.17,63.8,0.09,145,0.58,1.2,1.54,1.01,2.2,226.4,-0.33
GI,-13,0,7.1,0.61,0.46,6.17,63.8,0.09,151,0.84,5.2,1.81,1.04,13.73,163,-0.34
FALPQYLK,189,0.59,3.9,1.25,1.19,10.99,190.8,-0.38,-141,0.73,6.7,0.7,1.27,0.58,165.1,0.33
HIR,50,0.57,2.1,0.93,0.98,0.47,157.5,-0.04,-70,0.77,4.9,0.93,1.18,0.27,190.3,0.07
YQKFPQYLQY,53,0.72,3.1,1.53,0.69,3.13,194.6,-0.29,53,0.72,3.1,1.53,0.69,3.13,194.6,-0.29
LENLHLP,145,0.92,8.6,1.3,1.36,16.64,163.1,-0.37,-20,-2.5,5.3,0.4,0.49,1.96,121.6,0.19
QVGP,-73,0.8,4.4,0.95,1.22,1.14,146.9,0.14,-20,-2.5,5.3,0.4,0.49,1.96,121.6,0.19
LQP,145,0.92,8.6,1.3,1.36,16.64,163.1,-0.37,-20,-2.5,5.3,0.4,0.49,1.96,121.6,0.19
VPSERY,123,0.63,6.8,1.81,0.98,12.43,138.2,-0.29,53,0.72,3.1,1.53,0.69,3.13,194.6,-0.29
GTW,-13,0,7.1,0.61,0.46,6.17,63.8,0.09,145,0.58,1.2,1.54,1.01,2.2,226.4,-0.33
AYPS,16,0.96,7.9,0.92,1.43,9.36,89.3,-0.04,-70,0.53,6.6,0.82,0.7,5.58,94.2,0.12
NIFYCP,-74,0.39,4,0.6,0.64,2.31,122.4,0.13,-20,-2.5,5.3,0.4,0.49,1.96,121.6,0.19
TVYTKGRVMP,-38,0.54,5.3,1.12,0.78,4.68,119.6,0.03,-20,-2.5,5.3,0.4,0.49,1.96,121.6,0.19
VVPP,123,0.63,6.8,1.81,0.98,12.43,138.2,-0.29,-20,-2.5,5.3,0.4,0.49,1.96,121.6,0.19
CWLPVY,168,0.42,1.9,1.16,0.94,2.56,102.5,-0.38,53,0.72,3.1,1.53,0.69,3.13,194.6,-0.29
SQPQAFP,-70,0.53,6.6,0.82,0.7,5.58,94.2,0.12,-20,-2.5,5.3,0.4,0.49,1.96,121.6,0.19
IAYKP,151,0.84,5.2,1.81,1.04,13.73,163,-0.34,-20,-2.5,5.3,0.4,0.49,1.96,121.6,0.19