MDFLI,0.6,0.2,0.0,0.2,0.0
MFDL,0.5,0.25,0.0,0.25,0.0
MDLA,0.75,0.0,0.0,0.25,0.0
LIVTQ,0.6,0.0,0.0,0.0,0.4
LIVT,0.75,0.0,0.0,0.0,0.25
MILLLFR,0.7142857142857143,0.14285714285714285,0.14285714285714285,0.0,0.0
VYRT,0.25,0.25,0.25,0.0,0.25
VSV,0.6666666666666666,0.0,0.0,0.0,0.3333333333333333
IKW,0.3333333333333333,0.3333333333333333,0.3333333333333333,0.0,0.0
LRW,0.3333333333333333,0.3333333333333333,0.3333333333333333,0.0,0.0
LRP,0.3333333333333333,0.0,0.3333333333333333,0.0,0.3333333333333333
MKP,0.3333333333333333,0.0,0.3333333333333333,0.0,0.3333333333333333
LKP,0.3333333333333333,0.0,0.3333333333333333,0.0,0.3333333333333333
VVYPW,0.4,0.4,0.0,0.0,0.2
LRIPVA,0.6666666666666666,0.0,0.16666666666666666,0.0,0.16666666666666666
PTHIAW,0.3333333333333333,0.16666666666666666,0.16666666666666666,0.0,0.3333333333333333
FFGVRCVSP,0.3333333333333333,0.2222222222222222,0.1111111111111111,0.0,0.3333333333333333
LIWKL,0.6,0.2,0.2,0.0,0.0
IVY,0.6666666666666666,0.3333333333333333,0.0,0.0,0.0
FKGRYYP,0.14285714285714285,0.42857142857142855,0.2857142857142857,0.0,0.14285714285714285
IRW,0.3333333333333333,0.3333333333333333,0.3333333333333333,0.0,0.0
IRY,0.3333333333333333,0.3333333333333333,0.3333333333333333,0.0,0.0
MRW,0.3333333333333333,0.3333333333333333,0.3333333333333333,0.0,0.0
KGYGGVSLPEW,0.45454545454545453,0.18181818181818182,0.09090909090909091,0.09090909090909091,0.18181818181818182
RYLGY,0.4,0.4,0.2,0.0,0.0
MAP,0.6666666666666666,0.0,0.0,0.0,0.3333333333333333
LIY,0.6666666666666666,0.3333333333333333,0.0,0.0,0.0
TYLGS,0.4,0.2,0.0,0.0,0.4
VLRP,0.5,0.0,0.25,0.0,0.25
PTHIKWGD,0.25,0.125,0.25,0.125,0.25
VHW,0.3333333333333333,0.3333333333333333,0.3333333333333333,0.0,0.0
GAAELPCSADWW,0.4166666666666667,0.16666666666666666,0.0,0.16666666666666666,0.25
IIY,0.6666666666666666,0.3333333333333333,0.0,0.0,0.0
VVGAK,0.8,0.0,0.2,0.0,0.0
ERKIKVYL,0.375,0.125,0.375,0.125,0.0
VRF,0.3333333333333333,0.3333333333333333,0.3333333333333333,0.0,0.0
CFCTKPC,0.0,0.14285714285714285,0.14285714285714285,0.0,0.7142857142857143
FL,0.5,0.5,0.0,0.0,0.0
IRPVQ,0.4,0.0,0.2,0.0,0.4
SKVYP,0.2,0.2,0.2,0.0,0.4
AKYSY,0.2,0.4,0.2,0.0,0.2
PTHVAW,0.3333333333333333,0.16666666666666666,0.16666666666666666,0.0,0.3333333333333333
GVYPHK,0.3333333333333333,0.16666666666666666,0.3333333333333333,0.0,0.16666666666666666
IQW,0.3333333333333333,0.3333333333333333,0.0,0.0,0.3333333333333333
LHP,0.3333333333333333,0.0,0.3333333333333333,0.0,0.3333333333333333
KW,0.0,0.5,0.5,0.0,0.0
AFKAWAVAR,0.5555555555555556,0.2222222222222222,0.2222222222222222,0.0,0.0
APGAGVY,0.7142857142857143,0.14285714285714285,0.0,0.0,0.14285714285714285
IKP,0.3333333333333333,0.0,0.3333333333333333,0.0,0.3333333333333333
FQPQPLIYP,0.2222222222222222,0.2222222222222222,0.0,0.0,0.5555555555555556
IMY,0.6666666666666666,0.3333333333333333,0.0,0.0,0.0
IRP,0.3333333333333333,0.0,0.3333333333333333,0.0,0.3333333333333333
LHLPLR,0.5,0.0,0.3333333333333333,0.0,0.16666666666666666
FFYY,0.0,1.0,0.0,0.0,0.0
GKKVLQ,0.5,0.0,0.3333333333333333,0.0,0.16666666666666666
LHLPGP,0.5,0.0,0.16666666666666666,0.0,0.3333333333333333
CF,0.0,0.5,0.0,0.0,0.5
LAPSLPGKPKPD,0.3333333333333333,0.0,0.16666666666666666,0.08333333333333333,0.4166666666666667
DGVVYY,0.5,0.3333333333333333,0.0,0.16666666666666666,0.0
GKKIATYQER,0.3,0.1,0.3,0.1,0.2
IW,0.5,0.5,0.0,0.0,0.0
KKIATYQER,0.2222222222222222,0.1111111111111111,0.3333333333333333,0.1111111111111111,0.2222222222222222
TVPY,0.25,0.25,0.0,0.0,0.5
VAP,0.6666666666666666,0.0,0.0,0.0,0.3333333333333333
MRWRD,0.2,0.2,0.4,0.2,0.0
FQKVVAK,0.42857142857142855,0.14285714285714285,0.2857142857142857,0.0,0.14285714285714285
DP,0.0,0.0,0.0,0.5,0.5
FSY,0.0,0.6666666666666666,0.0,0.0,0.3333333333333333
LQP,0.3333333333333333,0.0,0.0,0.0,0.6666666666666666
VRP,0.3333333333333333,0.0,0.3333333333333333,0.0,0.3333333333333333
LHLPYP,0.3333333333333333,0.16666666666666666,0.16666666666666666,0.0,0.3333333333333333
TKY,0.0,0.3333333333333333,0.3333333333333333,0.0,0.3333333333333333
TYCQ,0.0,0.25,0.0,0.0,0.75
LKPNM,0.4,0.0,0.2,0.0,0.4
PYVRYL,0.3333333333333333,0.3333333333333333,0.16666666666666666,0.0,0.16666666666666666
ILP,0.6666666666666666,0.0,0.0,0.0,0.3333333333333333
IWHHTF,0.16666666666666666,0.3333333333333333,0.3333333333333333,0.0,0.16666666666666666
PRY,0.0,0.3333333333333333,0.3333333333333333,0.0,0.3333333333333333
VW,0.5,0.5,0.0,0.0,0.0
LTF,0.3333333333333333,0.3333333333333333,0.0,0.0,0.3333333333333333
FHERDPTHIKWGD,0.15384615384615385,0.15384615384615385,0.3076923076923077,0.23076923076923078,0.15384615384615385
TKTGRSAHVLSRYRPRA,0.29411764705882354,0.058823529411764705,0.35294117647058826,0.0,0.29411764705882354
VADVYVGK,0.625,0.125,0.125,0.125,0.0
VAW,0.6666666666666666,0.3333333333333333,0.0,0.0,0.0
IAYKP,0.4,0.2,0.2,0.0,0.2
EVMAGNLYPG,0.6,0.1,0.0,0.1,0.2
PQPLIYP,0.2857142857142857,0.14285714285714285,0.0,0.0,0.5714285714285714
MVGSAPGVL,0.7777777777777778,0.0,0.0,0.0,0.2222222222222222
FRADHPFL,0.25,0.25,0.25,0.125,0.125
FRAHPFL,0.2857142857142857,0.2857142857142857,0.2857142857142857,0.0,0.14285714285714285
ITMIAPSAF,0.5555555555555556,0.1111111111111111,0.0,0.0,0.3333333333333333
DIGYY,0.4,0.4,0.0,0.2,0.0
IFVPAF,0.5,0.3333333333333333,0.0,0.0,0.16666666666666666
VAHINVWK,0.5,0.125,0.25,0.0,0.125
IWH,0.3333333333333333,0.3333333333333333,0.3333333333333333,0.0,0.0
LAP,0.6666666666666666,0.0,0.0,0.0,0.3333333333333333
QPLIYP,0.3333333333333333,0.16666666666666666,0.0,0.0,0.5
VVYPWTQ,0.2857142857142857,0.2857142857142857,0.0,0.0,0.42857142857142855
IY,0.5,0.5,0.0,0.0,0.0
LHLPLP,0.5,0.0,0.16666666666666666,0.0,0.3333333333333333
VKP,0.3333333333333333,0.0,0.3333333333333333,0.0,0.3333333333333333
ISHIYVWK,0.375,0.25,0.25,0.0,0.125
FYPEL,0.2,0.4,0.0,0.2,0.2
IFVPA,0.6,0.2,0.0,0.0,0.2
LAY,0.6666666666666666,0.3333333333333333,0.0,0.0,0.0
DELQDKIHPFAQTQSLVYPFPGPIPNS,0.25925925925925924,0.1111111111111111,0.07407407407407407,0.1111111111111111,0.4444444444444444
LQW,0.3333333333333333,0.3333333333333333,0.0,0.0,0.3333333333333333
PNRIKYGD,0.25,0.125,0.25,0.125,0.25
QPQPLIYP,0.25,0.125,0.0,0.0,0.625
GVGAGY,0.8333333333333334,0.16666666666666666,0.0,0.0,0.0
VVCVPW,0.5,0.16666666666666666,0.0,0.0,0.3333333333333333
LRPVAA,0.6666666666666666,0.0,0.16666666666666666,0.0,0.16666666666666666
IAYKPAG,0.5714285714285714,0.14285714285714285,0.14285714285714285,0.0,0.14285714285714285
FALPQY,0.3333333333333333,0.3333333333333333,0.0,0.0,0.3333333333333333
FALPQYLK,0.375,0.25,0.125,0.0,0.25
IVRDPNGMGAW,0.5454545454545454,0.09090909090909091,0.09090909090909091,0.09090909090909091,0.18181818181818182
PLIYP,0.4,0.2,0.0,0.0,0.4
VPA,0.6666666666666666,0.0,0.0,0.0,0.3333333333333333
FVPAF,0.4,0.4,0.0,0.0,0.2
LYPVK,0.4,0.2,0.2,0.0,0.2
VHLAP,0.6,0.0,0.2,0.0,0.2
VWP,0.3333333333333333,0.3333333333333333,0.0,0.0,0.3333333333333333
VYPHK,0.2,0.2,0.4,0.0,0.2
QNALIVRYTR,0.4,0.1,0.2,0.0,0.3
WHP,0.0,0.3333333333333333,0.3333333333333333,0.0,0.3333333333333333
YPSFQPQPLIYP,0.16666666666666666,0.25,0.0,0.0,0.5833333333333334
LGFPTTKTYFPHF,0.15384615384615385,0.3076923076923077,0.15384615384615385,0.0,0.38461538461538464
IPP,0.3333333333333333,0.0,0.0,0.0,0.6666666666666666
KVLPVP,0.5,0.0,0.16666666666666666,0.0,0.3333333333333333
KWLP,0.25,0.25,0.25,0.0,0.25
LRY,0.3333333333333333,0.3333333333333333,0.3333333333333333,0.0,0.0
LLLAHLL,0.8571428571428571,0.0,0.14285714285714285,0.0,0.0
VELYP,0.4,0.2,0.0,0.2,0.2
LVYPFPGPIPNSLPQNIPP,0.3157894736842105,0.10526315789473684,0.0,0.0,0.5789473684210527
MLPVY,0.6,0.2,0.0,0.0,0.2
PYKWLP,0.16666666666666666,0.3333333333333333,0.16666666666666666,0.0,0.3333333333333333
VTVNPYKWLP,0.3,0.2,0.1,0.0,0.4
VVYPWTQRF,0.2222222222222222,0.3333333333333333,0.1111111111111111,0.0,0.3333333333333333
LKIPLY,0.5,0.16666666666666666,0.16666666666666666,0.0,0.16666666666666666
VLPF,0.5,0.25,0.0,0.0,0.25
FQKVVA,0.5,0.16666666666666666,0.16666666666666666,0.0,0.16666666666666666
IWHHT,0.2,0.2,0.4,0.0,0.2
LVY,0.6666666666666666,0.3333333333333333,0.0,0.0,0.0
FW,0.0,1.0,0.0,0.0,0.0
FFVAP,0.4,0.4,0.0,0.0,0.2
LHLPAP,0.5,0.0,0.16666666666666666,0.0,0.3333333333333333
VVYPWT,0.3333333333333333,0.3333333333333333,0.0,0.0,0.3333333333333333
LKIPVA,0.6666666666666666,0.0,0.16666666666666666,0.0,0.16666666666666666
KRVIQY,0.3333333333333333,0.16666666666666666,0.3333333333333333,0.0,0.16666666666666666
LDY,0.3333333333333333,0.3333333333333333,0.0,0.3333333333333333,0.0
VYAP,0.5,0.25,0.0,0.0,0.25
FFGRCVSP,0.25,0.25,0.125,0.0,0.375
FGRCVSP,0.2857142857142857,0.14285714285714285,0.14285714285714285,0.0,0.42857142857142855
IVGRPRHQG,0.4444444444444444,0.0,0.3333333333333333,0.0,0.2222222222222222
RADHPFL,0.2857142857142857,0.14285714285714285,0.2857142857142857,0.14285714285714285,0.14285714285714285
IRA,0.6666666666666666,0.0,0.3333333333333333,0.0,0.0
LY,0.5,0.5,0.0,0.0,0.0
KLYMRP,0.3333333333333333,0.16666666666666666,0.3333333333333333,0.0,0.16666666666666666
AKF,0.3333333333333333,0.3333333333333333,0.3333333333333333,0.0,0.0
AWW,0.3333333333333333,0.6666666666666666,0.0,0.0,0.0
AYFYPEL,0.2857142857142857,0.42857142857142855,0.0,0.14285714285714285,0.14285714285714285
AYFYPELF,0.25,0.5,0.0,0.125,0.125
VDF,0.3333333333333333,0.3333333333333333,0.0,0.3333333333333333,0.0
LYP,0.3333333333333333,0.3333333333333333,0.0,0.0,0.3333333333333333
GKMVKVVSWY,0.5,0.2,0.2,0.0,0.1
VAHINVGK,0.625,0.0,0.25,0.0,0.125
CVL,0.6666666666666666,0.0,0.0,0.0,0.3333333333333333
LW,0.5,0.5,0.0,0.0,0.0
FNF,0.0,0.6666666666666666,0.0,0.0,0.3333333333333333
FRC,0.0,0.3333333333333333,0.3333333333333333,0.0,0.3333333333333333
MKY,0.3333333333333333,0.3333333333333333,0.3333333333333333,0.0,0.0
FQKVVAG,0.5714285714285714,0.14285714285714285,0.14285714285714285,0.0,0.14285714285714285
IYPSFQPQPLIYP,0.23076923076923078,0.23076923076923078,0.0,0.0,0.5384615384615384
PTHIKWG,0.2857142857142857,0.14285714285714285,0.2857142857142857,0.0,0.2857142857142857
YANPAVVRP,0.4444444444444444,0.1111111111111111,0.1111111111111111,0.0,0.3333333333333333
HERDPTHIKWGD,0.16666666666666666,0.08333333333333333,0.3333333333333333,0.25,0.16666666666666666
KKPTHIKWGD,0.2,0.1,0.4,0.1,0.2
SAPLRVY,0.42857142857142855,0.14285714285714285,0.14285714285714285,0.0,0.2857142857142857
AGTTCLFTPLALPYDYSH,0.3333333333333333,0.16666666666666666,0.05555555555555555,0.05555555555555555,0.3888888888888889
SVY,0.3333333333333333,0.3333333333333333,0.0,0.0,0.3333333333333333
YW,0.0,1.0,0.0,0.0,0.0
GPAGAP,0.6666666666666666,0.0,0.0,0.0,0.3333333333333333
IYPRY,0.2,0.4,0.2,0.0,0.2
LKA,0.6666666666666666,0.0,0.3333333333333333,0.0,0.0
KIYPSFQPQPLIYP,0.21428571428571427,0.21428571428571427,0.07142857142857142,0.0,0.5
VSGAGRY,0.5714285714285714,0.14285714285714285,0.14285714285714285,0.0,0.14285714285714285
YINQMPQKSREA,0.25,0.08333333333333333,0.16666666666666666,0.08333333333333333,0.4166666666666667
MIPAY,0.6,0.2,0.0,0.0,0.2
VIIF,0.75,0.25,0.0,0.0,0.0
VQV,0.6666666666666666,0.0,0.0,0.0,0.3333333333333333
IPF,0.3333333333333333,0.3333333333333333,0.0,0.0,0.3333333333333333
GLY,0.6666666666666666,0.3333333333333333,0.0,0.0,0.0
LHLWLP,0.5,0.16666666666666666,0.16666666666666666,0.0,0.16666666666666666
VPP,0.3333333333333333,0.0,0.0,0.0,0.6666666666666666
VWDPPKFD,0.125,0.25,0.125,0.25,0.25
VIP,0.6666666666666666,0.0,0.0,0.0,0.3333333333333333
VWY,0.3333333333333333,0.6666666666666666,0.0,0.0,0.0
LLNPPHQIYP,0.3,0.1,0.1,0.0,0.5
LPP,0.3333333333333333,0.0,0.0,0.0,0.6666666666666666
MYY,0.3333333333333333,0.6666666666666666,0.0,0.0,0.0
DDTGHDFEDTGEAM,0.2857142857142857,0.07142857142857142,0.07142857142857142,0.42857142857142855,0.14285714285714285
MLPAY,0.6,0.2,0.0,0.0,0.2
LKPMN,0.4,0.0,0.2,0.0,0.4
YALPHA,0.5,0.16666666666666666,0.16666666666666666,0.0,0.16666666666666666
ALPHA,0.6,0.0,0.2,0.0,0.2
IYPR,0.25,0.25,0.25,0.0,0.25
LIYP,0.5,0.25,0.0,0.0,0.25
VSP,0.3333333333333333,0.0,0.0,0.0,0.6666666666666666
WL,0.5,0.5,0.0,0.0,0.0
WQVLPNAVPAK,0.45454545454545453,0.09090909090909091,0.09090909090909091,0.0,0.36363636363636365
FVP,0.3333333333333333,0.3333333333333333,0.0,0.0,0.3333333333333333
LKY,0.3333333333333333,0.3333333333333333,0.3333333333333333,0.0,0.0
PYKLRP,0.16666666666666666,0.16666666666666666,0.3333333333333333,0.0,0.3333333333333333
LHPGDAQR,0.375,0.0,0.25,0.125,0.25
GPPGTDGAP,0.4444444444444444,0.0,0.0,0.1111111111111111,0.4444444444444444
RY,0.0,0.5,0.5,0.0,0.0
LPF,0.3333333333333333,0.3333333333333333,0.0,0.0,0.3333333333333333
FEDYVPLSCF,0.2,0.3,0.0,0.2,0.3
FCF,0.0,0.6666666666666666,0.0,0.0,0.3333333333333333
INYWL,0.4,0.4,0.0,0.0,0.2
KALPMHIRLAF,0.5454545454545454,0.09090909090909091,0.2727272727272727,0.0,0.09090909090909091
LKVGVKQY,0.5,0.125,0.25,0.0,0.125
YQKFPQYLQY,0.1,0.4,0.1,0.0,0.4
GDLGKTTTVSNWSPPKYKDTP,0.19047619047619047,0.09523809523809523,0.14285714285714285,0.09523809523809523,0.47619047619047616
GPPGPP,0.3333333333333333,0.0,0.0,0.0,0.6666666666666666
LVVYPWTQ,0.375,0.25,0.0,0.0,0.375
PTHIKW,0.16666666666666666,0.16666666666666666,0.3333333333333333,0.0,0.3333333333333333
DAQSAPLRVY,0.4,0.1,0.1,0.1,0.3
LVL,1.0,0.0,0.0,0.0,0.0
FCVLRP,0.3333333333333333,0.16666666666666666,0.16666666666666666,0.0,0.3333333333333333
KPVAAP,0.5,0.0,0.16666666666666666,0.0,0.3333333333333333
VK,0.5,0.0,0.5,0.0,0.0
DW,0.0,0.5,0.0,0.5,0.0
KY,0.0,0.5,0.5,0.0,0.0
PTHIDW,0.16666666666666666,0.16666666666666666,0.16666666666666666,0.16666666666666666,0.3333333333333333
VAA,1.0,0.0,0.0,0.0,0.0
PYKW,0.0,0.5,0.25,0.0,0.25
VDSDVVKG,0.5,0.0,0.125,0.25,0.125
YKW,0.0,0.6666666666666666,0.3333333333333333,0.0,0.0
KLPAGTLF,0.5,0.125,0.125,0.0,0.25
VTPALR,0.5,0.0,0.16666666666666666,0.0,0.3333333333333333
IFY,0.3333333333333333,0.6666666666666666,0.0,0.0,0.0
FPQYLQY,0.14285714285714285,0.42857142857142855,0.0,0.0,0.42857142857142855
IVGRRRHQG,0.4444444444444444,0.0,0.4444444444444444,0.0,0.1111111111111111
IVR,0.6666666666666666,0.0,0.3333333333333333,0.0,0.0
LVR,0.6666666666666666,0.0,0.3333333333333333,0.0,0.0
YLAGNQ,0.5,0.16666666666666666,0.0,0.0,0.3333333333333333
YQNPRLGPTGELDPATQPIVAVHNPVIV,0.42857142857142855,0.03571428571428571,0.07142857142857142,0.07142857142857142,0.39285714285714285
FGASTRGA,0.5,0.125,0.125,0.0,0.25
VIY,0.6666666666666666,0.3333333333333333,0.0,0.0,0.0
AVPYPQR,0.2857142857142857,0.14285714285714285,0.14285714285714285,0.0,0.42857142857142855
NIFYCP,0.16666666666666666,0.3333333333333333,0.0,0.0,0.5
NLHLPLPLL,0.5555555555555556,0.0,0.1111111111111111,0.0,0.3333333333333333
TVY,0.3333333333333333,0.3333333333333333,0.0,0.0,0.3333333333333333
YPFPGPIPN,0.2222222222222222,0.2222222222222222,0.0,0.0,0.5555555555555556
IAK,0.6666666666666666,0.0,0.3333333333333333,0.0,0.0
PSY,0.0,0.3333333333333333,0.0,0.0,0.6666666666666666
VAY,0.6666666666666666,0.3333333333333333,0.0,0.0,0.0
YGGVSLPEW,0.4444444444444444,0.2222222222222222,0.0,0.1111111111111111,0.2222222222222222
YLYEIAR,0.42857142857142855,0.2857142857142857,0.14285714285714285,0.14285714285714285,0.0
APGAPGPVG,0.6666666666666666,0.0,0.0,0.0,0.3333333333333333
MAW,0.6666666666666666,0.3333333333333333,0.0,0.0,0.0
YKLRP,0.2,0.2,0.4,0.0,0.2
YPR,0.0,0.3333333333333333,0.3333333333333333,0.0,0.3333333333333333
YKWLP,0.2,0.4,0.2,0.0,0.2
YPRY,0.0,0.5,0.25,0.0,0.25
LIPPGVPY,0.5,0.125,0.0,0.0,0.375
MPF,0.3333333333333333,0.3333333333333333,0.0,0.0,0.3333333333333333
PAVVRP,0.5,0.0,0.16666666666666666,0.0,0.3333333333333333
AFVGYVLP,0.625,0.25,0.0,0.0,0.125
FYN,0.0,0.6666666666666666,0.0,0.0,0.3333333333333333
TQVY,0.25,0.25,0.0,0.0,0.5
AWPF,0.25,0.5,0.0,0.0,0.25
FWN,0.0,0.6666666666666666,0.0,0.0,0.3333333333333333
LHLYLP,0.5,0.16666666666666666,0.16666666666666666,0.0,0.16666666666666666
IHPFAQTQSLVYP,0.3076923076923077,0.15384615384615385,0.07692307692307693,0.0,0.46153846153846156
PVGLVQPASATLYDY,0.4666666666666667,0.13333333333333333,0.0,0.06666666666666667,0.3333333333333333
STHGVW,0.3333333333333333,0.16666666666666666,0.16666666666666666,0.0,0.3333333333333333
KAAAAP,0.6666666666666666,0.0,0.16666666666666666,0.0,0.16666666666666666
FCVL,0.5,0.25,0.0,0.0,0.25
AKYCY,0.2,0.4,0.2,0.0,0.2
RVPSL,0.4,0.0,0.2,0.0,0.4
YQKFPQY,0.0,0.42857142857142855,0.14285714285714285,0.0,0.42857142857142855
LVPFGW,0.5,0.3333333333333333,0.0,0.0,0.16666666666666666
KVLILA,0.8333333333333334,0.0,0.16666666666666666,0.0,0.0
LLYQQPVLGPVRGPFPIIV,0.5263157894736842,0.10526315789473684,0.05263157894736842,0.0,0.3157894736842105
PADIKWGD,0.375,0.125,0.125,0.25,0.125
VPPLYPN,0.2857142857142857,0.14285714285714285,0.0,0.0,0.5714285714285714
VSRHFASYAN,0.3,0.2,0.2,0.0,0.3
YNKL,0.25,0.25,0.25,0.0,0.25
WPEAAELMMEVDP,0.46153846153846156,0.07692307692307693,0.0,0.3076923076923077,0.15384615384615385
KP,0.0,0.0,0.5,0.0,0.5
PPHQIYP,0.14285714285714285,0.14285714285714285,0.14285714285714285,0.0,0.5714285714285714
VVY,0.6666666666666666,0.3333333333333333,0.0,0.0,0.0
VY,0.5,0.5,0.0,0.0,0.0
YKVPQL,0.3333333333333333,0.16666666666666666,0.16666666666666666,0.0,0.3333333333333333
CWLPVY,0.3333333333333333,0.3333333333333333,0.0,0.0,0.3333333333333333
MIFPGGPQL,0.5555555555555556,0.1111111111111111,0.0,0.0,0.3333333333333333
VTGRFAGHPAAQ,0.5,0.08333333333333333,0.16666666666666666,0.0,0.25
QVSLNSGYY,0.3333333333333333,0.2222222222222222,0.0,0.0,0.4444444444444444
WPERPPQIP,0.1111111111111111,0.1111111111111111,0.1111111111111111,0.1111111111111111,0.5555555555555556
VSW,0.3333333333333333,0.3333333333333333,0.0,0.0,0.3333333333333333
YPK,0.0,0.3333333333333333,0.3333333333333333,0.0,0.3333333333333333
MKG,0.6666666666666666,0.0,0.3333333333333333,0.0,0.0
VRYL,0.5,0.25,0.25,0.0,0.0
YPLDLF,0.3333333333333333,0.3333333333333333,0.0,0.16666666666666666,0.16666666666666666
MLLCS,0.6,0.0,0.0,0.0,0.4
YYPQIMQY,0.25,0.375,0.0,0.0,0.375
ANPAVVRP,0.5,0.0,0.125,0.0,0.375
FAQTQSLVYP,0.3,0.2,0.0,0.0,0.5
FY,0.0,1.0,0.0,0.0,0.0
FYQQ,0.0,0.5,0.0,0.0,0.5
LNPPHQIYP,0.2222222222222222,0.1111111111111111,0.1111111111111111,0.0,0.5555555555555556
DKVGINYW,0.375,0.25,0.125,0.125,0.125
KAAAATP,0.5714285714285714,0.0,0.14285714285714285,0.0,0.2857142857142857
WVPSVY,0.3333333333333333,0.3333333333333333,0.0,0.0,0.3333333333333333
HPFAQTQSLVYP,0.25,0.16666666666666666,0.08333333333333333,0.0,0.5
KRQKYDI,0.14285714285714285,0.14285714285714285,0.42857142857142855,0.14285714285714285,0.14285714285714285
KDYRL,0.2,0.2,0.4,0.2,0.0
MIFPGAGGPEL,0.6363636363636364,0.09090909090909091,0.0,0.09090909090909091,0.18181818181818182
LKYPI,0.4,0.2,0.2,0.0,0.2
GYALPHA,0.5714285714285714,0.14285714285714285,0.14285714285714285,0.0,0.14285714285714285
YTAGV,0.6,0.2,0.0,0.0,0.2
LVYPFTGPIPN,0.36363636363636365,0.18181818181818182,0.0,0.0,0.45454545454545453
KF,0.0,0.5,0.5,0.0,0.0
RIY,0.3333333333333333,0.3333333333333333,0.3333333333333333,0.0,0.0
VKKVLGNP,0.5,0.0,0.25,0.0,0.25
LPYPY,0.2,0.4,0.0,0.0,0.4
VMP,0.6666666666666666,0.0,0.0,0.0,0.3333333333333333
GAPGLPGP,0.625,0.0,0.0,0.0,0.375
VECYGPNRPQF,0.18181818181818182,0.18181818181818182,0.09090909090909091,0.09090909090909091,0.45454545454545453
KVGTKCCAKP,0.3,0.0,0.3,0.0,0.4
KVLAGM,0.8333333333333334,0.0,0.16666666666666666,0.0,0.0
PHQIYP,0.16666666666666666,0.16666666666666666,0.16666666666666666,0.0,0.5
VWIS,0.5,0.25,0.0,0.0,0.25
TVGMTAKF,0.5,0.125,0.125,0.0,0.25
KLKFV,0.4,0.2,0.4,0.0,0.0
DPYKLRP,0.14285714285714285,0.14285714285714285,0.2857142857142857,0.14285714285714285,0.2857142857142857
VLY,0.6666666666666666,0.3333333333333333,0.0,0.0,0.0
IITNW,0.4,0.2,0.0,0.0,0.4
IRPV,0.5,0.0,0.25,0.0,0.25
PANIKWGD,0.375,0.125,0.125,0.125,0.25
KA,0.5,0.0,0.5,0.0,0.0
VAWKL,0.6,0.2,0.2,0.0,0.0
GFYPPP,0.16666666666666666,0.3333333333333333,0.0,0.0,0.5
VLAQYK,0.5,0.16666666666666666,0.16666666666666666,0.0,0.16666666666666666
NY,0.0,0.5,0.0,0.0,0.5
IKPVQ,0.4,0.0,0.2,0.0,0.4
IKY,0.3333333333333333,0.3333333333333333,0.3333333333333333,0.0,0.0
VKCFR,0.2,0.2,0.4,0.0,0.2
AYIASKGL,0.625,0.125,0.125,0.0,0.125
CVTPALR,0.42857142857142855,0.0,0.14285714285714285,0.0,0.42857142857142855
VVF,0.6666666666666666,0.3333333333333333,0.0,0.0,0.0
NCW,0.0,0.3333333333333333,0.0,0.0,0.6666666666666666
LLMLDNDLPP,0.5,0.0,0.0,0.2,0.3
PLW,0.3333333333333333,0.3333333333333333,0.0,0.0,0.3333333333333333
VLPYP,0.4,0.2,0.0,0.0,0.4
AW,0.5,0.5,0.0,0.0,0.0
VLSRYP,0.3333333333333333,0.16666666666666666,0.16666666666666666,0.0,0.3333333333333333
FFL,0.3333333333333333,0.6666666666666666,0.0,0.0,0.0
GPAGAPGAA,0.7777777777777778,0.0,0.0,0.0,0.2222222222222222
NPPHQIYP,0.125,0.125,0.125,0.0,0.625
PTHIKWD,0.14285714285714285,0.14285714285714285,0.2857142857142857,0.14285714285714285,0.2857142857142857
TVYTKGRVMP,0.4,0.1,0.2,0.0,0.3
PTHIKWN,0.14285714285714285,0.14285714285714285,0.2857142857142857,0.0,0.42857142857142855
WY,0.0,1.0,0.0,0.0,0.0
VMDKPQG,0.42857142857142855,0.0,0.14285714285714285,0.14285714285714285,0.2857142857142857
KIHPFAQTQSLVYP,0.2857142857142857,0.14285714285714285,0.14285714285714285,0.0,0.42857142857142855
SLVYP,0.4,0.2,0.0,0.0,0.4
HLPLP,0.4,0.0,0.2,0.0,0.4
NNVMLQW,0.42857142857142855,0.14285714285714285,0.0,0.0,0.42857142857142855
QSLVYP,0.3333333333333333,0.16666666666666666,0.0,0.0,0.5
SPRCR,0.0,0.0,0.4,0.0,0.6
YLGY,0.5,0.5,0.0,0.0,0.0
IYLL,0.75,0.25,0.0,0.0,0.0
ALPMHIR,0.5714285714285714,0.0,0.2857142857142857,0.0,0.14285714285714285
IKPLDY,0.3333333333333333,0.16666666666666666,0.16666666666666666,0.16666666666666666,0.16666666666666666
IKPLNY,0.3333333333333333,0.16666666666666666,0.16666666666666666,0.0,0.3333333333333333
IPALLKR,0.5714285714285714,0.0,0.2857142857142857,0.0,0.14285714285714285
YKY,0.0,0.6666666666666666,0.3333333333333333,0.0,0.0
KWL,0.3333333333333333,0.3333333333333333,0.3333333333333333,0.0,0.0
YH,0.0,0.5,0.5,0.0,0.0
YVVFK,0.4,0.4,0.2,0.0,0.0
DFY,0.0,0.6666666666666666,0.0,0.3333333333333333,0.0
IFL,0.6666666666666666,0.3333333333333333,0.0,0.0,0.0
KFY,0.0,0.6666666666666666,0.3333333333333333,0.0,0.0
GAPGPAGPGGIPGERG,0.625,0.0,0.0625,0.0625,0.25
GMKCAF,0.5,0.16666666666666666,0.16666666666666666,0.0,0.16666666666666666
WHHTF,0.0,0.4,0.4,0.0,0.2
KAPVA,0.6,0.0,0.2,0.0,0.2
YKWL,0.25,0.5,0.25,0.0,0.0
YYAKPAAVR,0.4444444444444444,0.2222222222222222,0.2222222222222222,0.0,0.1111111111111111
HIKWGD,0.3333333333333333,0.16666666666666666,0.3333333333333333,0.16666666666666666,0.0
THIKWGD,0.2857142857142857,0.14285714285714285,0.2857142857142857,0.14285714285714285,0.14285714285714285
NLHLPLP,0.42857142857142855,0.0,0.14285714285714285,0.0,0.42857142857142855
YN,0.0,0.5,0.0,0.0,0.5
YPLDL,0.4,0.2,0.0,0.2,0.2
MGP,0.6666666666666666,0.0,0.0,0.0,0.3333333333333333
IGSENSEKTTMP,0.25,0.0,0.08333333333333333,0.16666666666666666,0.5
AA,1.0,0.0,0.0,0.0,0.0
TGLKP,0.4,0.0,0.2,0.0,0.4
AH,0.5,0.0,0.5,0.0,0.0
RLPSEFDLSAFLRA,0.35714285714285715,0.14285714285714285,0.14285714285714285,0.14285714285714285,0.21428571428571427
GQY,0.3333333333333333,0.3333333333333333,0.0,0.0,0.3333333333333333
GIL,1.0,0.0,0.0,0.0,0.0
LASPTM,0.5,0.0,0.0,0.0,0.5
IL,1.0,0.0,0.0,0.0,0.0
NENLLRFFVAPFPEVFG,0.35294117647058826,0.23529411764705882,0.058823529411764705,0.11764705882352941,0.23529411764705882
PRHQG,0.2,0.0,0.4,0.0,0.4
WYSLAM,0.5,0.3333333333333333,0.0,0.0,0.16666666666666666
LLP,0.6666666666666666,0.0,0.0,0.0,0.3333333333333333
VSLPEW,0.3333333333333333,0.16666666666666666,0.0,0.16666666666666666,0.3333333333333333
AEL,0.6666666666666666,0.0,0.0,0.3333333333333333,0.0
AQL,0.6666666666666666,0.0,0.0,0.0,0.3333333333333333
HLL,0.6666666666666666,0.0,0.3333333333333333,0.0,0.0
VKK,0.3333333333333333,0.0,0.6666666666666666,0.0,0.0
WYSLAMA,0.5714285714285714,0.2857142857142857,0.0,0.0,0.14285714285714285
HQAAGW,0.5,0.16666666666666666,0.16666666666666666,0.0,0.16666666666666666
NMAINPSK,0.375,0.0,0.125,0.0,0.5
RPP,0.0,0.0,0.3333333333333333,0.0,0.6666666666666666
GLPGSRGERGLPG,0.5384615384615384,0.0,0.15384615384615385,0.07692307692307693,0.23076923076923078
RS,0.0,0.0,0.5,0.0,0.5
TNW,0.0,0.3333333333333333,0.0,0.0,0.6666666666666666
GPCSR,0.2,0.0,0.2,0.0,0.6
GTEKC,0.2,0.0,0.2,0.2,0.4
RGY,0.3333333333333333,0.3333333333333333,0.3333333333333333,0.0,0.0
AHEPVK,0.3333333333333333,0.0,0.3333333333333333,0.16666666666666666,0.16666666666666666
IGDEPLANYL,0.5,0.1,0.0,0.2,0.2
IIAEK,0.6,0.0,0.2,0.2,0.0
AFL,0.6666666666666666,0.3333333333333333,0.0,0.0,0.0
FKR,0.0,0.3333333333333333,0.6666666666666666,0.0,0.0
SWVE,0.25,0.25,0.0,0.25,0.25
GLTSK,0.4,0.0,0.2,0.0,0.4
GKEIIVKAER,0.5,0.0,0.3,0.2,0.0
MNP,0.3333333333333333,0.0,0.0,0.0,0.6666666666666666
AVV,1.0,0.0,0.0,0.0,0.0
KPGRP,0.2,0.0,0.4,0.0,0.4
AQQLAAQLPAMCR,0.5384615384615384,0.0,0.07692307692307693,0.0,0.38461538461538464
LAIPVNKP,0.5,0.0,0.125,0.0,0.375
TNGIIR,0.5,0.0,0.16666666666666666,0.0,0.3333333333333333
IDALNENK,0.375,0.0,0.125,0.25,0.25
GVHHA,0.6,0.0,0.4,0.0,0.0
IETWNPNNQ,0.1111111111111111,0.1111111111111111,0.0,0.1111111111111111,0.6666666666666666
IELPLG,0.6666666666666666,0.0,0.0,0.16666666666666666,0.16666666666666666
PSFQP,0.0,0.2,0.0,0.0,0.8
QTQSLVYP,0.25,0.125,0.0,0.0,0.625
TPTQQS,0.0,0.0,0.0,0.0,1.0
AVVRP,0.6,0.0,0.2,0.0,0.2
SKVPP,0.2,0.0,0.2,0.0,0.6
QIGLF,0.6,0.2,0.0,0.0,0.2
QLLLQQ,0.5,0.0,0.0,0.0,0.5
MCESASSK,0.25,0.0,0.125,0.125,0.5
VYAPFE,0.3333333333333333,0.3333333333333333,0.0,0.16666666666666666,0.16666666666666666
AQTQSLVYP,0.3333333333333333,0.1111111111111111,0.0,0.0,0.5555555555555556
SWSF,0.0,0.5,0.0,0.0,0.5
FFVAPFPEVFGK,0.3333333333333333,0.3333333333333333,0.08333333333333333,0.08333333333333333,0.16666666666666666
WLAHK,0.4,0.2,0.4,0.0,0.0
SGP,0.3333333333333333,0.0,0.0,0.0,0.6666666666666666
TGP,0.3333333333333333,0.0,0.0,0.0,0.6666666666666666
AVPYP,0.4,0.2,0.0,0.0,0.4
CRQNTLGHNTQTSIAQ,0.25,0.0,0.125,0.0,0.625
AFKDEDTEEVPFR,0.15384615384615385,0.15384615384615385,0.15384615384615385,0.38461538461538464,0.15384615384615385
IIP,0.6666666666666666,0.0,0.0,0.0,0.3333333333333333
VVRP,0.5,0.0,0.25,0.0,0.25
SVAKLEK,0.42857142857142855,0.0,0.2857142857142857,0.14285714285714285,0.14285714285714285
ENLLRF,0.3333333333333333,0.16666666666666666,0.16666666666666666,0.16666666666666666,0.16666666666666666
FGG,0.6666666666666666,0.3333333333333333,0.0,0.0,0.0
VKAGF,0.6,0.2,0.2,0.0,0.0
HHTF,0.0,0.25,0.5,0.0,0.25
PDLVF,0.4,0.2,0.0,0.2,0.2
LENLHLPLP,0.4444444444444444,0.0,0.1111111111111111,0.1111111111111111,0.3333333333333333
WYSLA,0.4,0.4,0.0,0.0,0.2
PAP,0.3333333333333333,0.0,0.0,0.0,0.6666666666666666
RGLSK,0.4,0.0,0.4,0.0,0.2
NKL,0.3333333333333333,0.0,0.3333333333333333,0.0,0.3333333333333333
WIR,0.3333333333333333,0.3333333333333333,0.3333333333333333,0.0,0.0
MTEEY,0.2,0.2,0.0,0.4,0.2
GILRP,0.6,0.0,0.2,0.0,0.2
KLRP,0.25,0.0,0.5,0.0,0.25
RPK,0.0,0.0,0.6666666666666666,0.0,0.3333333333333333
KYPVQPFTESQSLTL,0.2,0.13333333333333333,0.06666666666666667,0.06666666666666667,0.5333333333333333
RF,0.0,0.5,0.5,0.0,0.0
SKVLPVPE,0.375,0.0,0.125,0.125,0.375
PLFPK,0.2,0.2,0.2,0.0,0.4
AMK,0.6666666666666666,0.0,0.3333333333333333,0.0,0.0
GFR,0.3333333333333333,0.3333333333333333,0.3333333333333333,0.0,0.0
PGPLGLTGP,0.5555555555555556,0.0,0.0,0.0,0.4444444444444444
IVQ,0.6666666666666666,0.0,0.0,0.0,0.3333333333333333
AR,0.5,0.0,0.5,0.0,0.0
VVGP,0.75,0.0,0.0,0.0,0.25
VR,0.5,0.0,0.5,0.0,0.0
GAGP,0.75,0.0,0.0,0.0,0.25
AAATP,0.6,0.0,0.0,0.0,0.4
LEE,0.3333333333333333,0.0,0.0,0.6666666666666666,0.0
LQQ,0.3333333333333333,0.0,0.0,0.0,0.6666666666666666
PAQK,0.25,0.0,0.25,0.0,0.5
VAKLEK,0.5,0.0,0.3333333333333333,0.16666666666666666,0.0
LEPP,0.25,0.0,0.0,0.25,0.5
VFKAF,0.4,0.4,0.2,0.0,0.0
TLS,0.3333333333333333,0.0,0.0,0.0,0.6666666666666666
ASL,0.6666666666666666,0.0,0.0,0.0,0.3333333333333333
PKIDAMREKVLA,0.5,0.0,0.25,0.16666666666666666,0.08333333333333333
IEW,0.3333333333333333,0.3333333333333333,0.0,0.3333333333333333,0.0
AYFTPE,0.16666666666666666,0.3333333333333333,0.0,0.16666666666666666,0.3333333333333333
LNNSRAP,0.2857142857142857,0.0,0.14285714285714285,0.0,0.5714285714285714
PFPEVFGK,0.25,0.25,0.125,0.125,0.25
HQIYP,0.2,0.2,0.2,0.0,0.4
PQTLALP,0.42857142857142855,0.0,0.0,0.0,0.5714285714285714
PRVF,0.25,0.25,0.25,0.0,0.25
PVPQP,0.2,0.0,0.0,0.0,0.8
VWIG,0.75,0.25,0.0,0.0,0.0
WHHT,0.0,0.25,0.5,0.0,0.25
DKIHP,0.2,0.0,0.4,0.2,0.2
FSDKIAK,0.2857142857142857,0.14285714285714285,0.2857142857142857,0.14285714285714285,0.14285714285714285
GEGSGA,0.6666666666666666,0.0,0.0,0.16666666666666666,0.16666666666666666
GW,0.5,0.5,0.0,0.0,0.0
VEV,0.6666666666666666,0.0,0.0,0.3333333333333333,0.0
RIGLF,0.6,0.2,0.2,0.0,0.0
VM,1.0,0.0,0.0,0.0,0.0
VRGP,0.5,0.0,0.25,0.0,0.25
GHG,0.6666666666666666,0.0,0.3333333333333333,0.0,0.0
GPIGPA,0.6666666666666666,0.0,0.0,0.0,0.3333333333333333
GPIGPP,0.5,0.0,0.0,0.0,0.5
GPVGPA,0.6666666666666666,0.0,0.0,0.0,0.3333333333333333
GPVGPP,0.5,0.0,0.0,0.0,0.5
HLFGPPGKKDPV,0.3333333333333333,0.08333333333333333,0.25,0.08333333333333333,0.25
LVPP,0.5,0.0,0.0,0.0,0.5
YNK,0.0,0.3333333333333333,0.3333333333333333,0.0,0.3333333333333333
HNW,0.0,0.3333333333333333,0.3333333333333333,0.0,0.3333333333333333
VEGY,0.5,0.25,0.0,0.25,0.0
PSSNK,0.0,0.0,0.2,0.0,0.8
EKGP,0.25,0.0,0.25,0.25,0.25
SF,0.0,0.5,0.0,0.0,0.5
LSGNK,0.4,0.0,0.2,0.0,0.4
LTGP,0.5,0.0,0.0,0.0,0.5
KIHPFAQAQ,0.3333333333333333,0.1111111111111111,0.2222222222222222,0.0,0.3333333333333333
YPER,0.0,0.25,0.25,0.25,0.25
VTR,0.3333333333333333,0.0,0.3333333333333333,0.0,0.3333333333333333
EPVLGPVRGPFP,0.4166666666666667,0.08333333333333333,0.08333333333333333,0.08333333333333333,0.3333333333333333
EQGP,0.25,0.0,0.0,0.25,0.5
FPEVFGK,0.2857142857142857,0.2857142857142857,0.14285714285714285,0.14285714285714285,0.14285714285714285
QVVF,0.5,0.25,0.0,0.0,0.25
PRKEKLCTTS,0.1,0.0,0.3,0.1,0.5
DLTDY,0.2,0.2,0.0,0.4,0.2
PFP,0.0,0.3333333333333333,0.0,0.0,0.6666666666666666
IPAVFK,0.5,0.16666666666666666,0.16666666666666666,0.0,0.16666666666666666
LGV,1.0,0.0,0.0,0.0,0.0
GPPGAIGP,0.625,0.0,0.0,0.0,0.375
QLGFLGPR,0.5,0.125,0.125,0.0,0.25
DLGP,0.5,0.0,0.0,0.25,0.25
QGP,0.3333333333333333,0.0,0.0,0.0,0.6666666666666666
TD,0.0,0.0,0.0,0.5,0.5
NKGPR,0.2,0.0,0.4,0.0,0.4
MA,1.0,0.0,0.0,0.0,0.0
VFER,0.25,0.25,0.25,0.25,0.0
IA,1.0,0.0,0.0,0.0,0.0
IAV,1.0,0.0,0.0,0.0,0.0
ENLHLPLP,0.375,0.0,0.125,0.125,0.375
DILN,0.5,0.0,0.0,0.25,0.25
LR,0.5,0.0,0.5,0.0,0.0
FGK,0.3333333333333333,0.3333333333333333,0.3333333333333333,0.0,0.0
IRAQQ,0.4,0.0,0.2,0.0,0.4
LTQTPVVVPP,0.4,0.0,0.0,0.0,0.6
QVGP,0.5,0.0,0.0,0.0,0.5
GR,0.5,0.0,0.5,0.0,0.0
DAGP,0.5,0.0,0.0,0.25,0.25
VPKVK,0.4,0.0,0.4,0.0,0.2
ALAFQ,0.6,0.2,0.0,0.0,0.2
RPQIPP,0.16666666666666666,0.0,0.16666666666666666,0.0,0.6666666666666666
QSGP,0.25,0.0,0.0,0.0,0.75
TLKYP,0.2,0.2,0.2,0.0,0.4
KGP,0.3333333333333333,0.0,0.3333333333333333,0.0,0.3333333333333333
NIPPLTQTPV,0.3,0.0,0.0,0.0,0.7
VIEKYP,0.3333333333333333,0.16666666666666666,0.16666666666666666,0.16666666666666666,0.16666666666666666
VIKP,0.5,0.0,0.25,0.0,0.25
KFAWPQ,0.16666666666666666,0.3333333333333333,0.16666666666666666,0.0,0.3333333333333333
ENGLPVHLDQSIFRR,0.3333333333333333,0.06666666666666667,0.2,0.13333333333333333,0.26666666666666666
ENGLPVHLDQSIFRRP,0.3125,0.0625,0.1875,0.125,0.3125
EPIPYGFLP,0.3333333333333333,0.2222222222222222,0.0,0.1111111111111111,0.3333333333333333
PVPP,0.25,0.0,0.0,0.0,0.75
PKAIP,0.4,0.0,0.2,0.0,0.4
ENGLPVHLDQSIFR,0.35714285714285715,0.07142857142857142,0.14285714285714285,0.14285714285714285,0.2857142857142857
GLYP,0.5,0.25,0.0,0.0,0.25
APER,0.25,0.0,0.25,0.25,0.25
YR,0.0,0.5,0.5,0.0,0.0
HFEAMR,0.3333333333333333,0.16666666666666666,0.3333333333333333,0.16666666666666666,0.0
DIGP,0.5,0.0,0.0,0.25,0.25
QIGP,0.5,0.0,0.0,0.0,0.5
VSGP,0.5,0.0,0.0,0.0,0.5
PAPPK,0.2,0.0,0.2,0.0,0.6
VHLPPP,0.3333333333333333,0.0,0.16666666666666666,0.0,0.5
YVP,0.3333333333333333,0.3333333333333333,0.0,0.0,0.3333333333333333
TPCPPQ,0.0,0.0,0.0,0.0,1.0
ERYL,0.25,0.25,0.25,0.25,0.0
LSMGSASLSP,0.5,0.0,0.0,0.0,0.5
PVNNPQIH,0.25,0.0,0.125,0.0,0.625
RDMPIQAF,0.375,0.125,0.125,0.125,0.25
AIYK,0.5,0.25,0.25,0.0,0.0
WT,0.0,0.5,0.0,0.0,0.5
ALNEINQFY,0.3333333333333333,0.2222222222222222,0.0,0.1111111111111111,0.3333333333333333
PYP,0.0,0.3333333333333333,0.0,0.0,0.6666666666666666
LLHSPP,0.3333333333333333,0.0,0.16666666666666666,0.0,0.5
GVPKVKETMVPKH,0.38461538461538464,0.0,0.3076923076923077,0.07692307692307693,0.23076923076923078
AF,0.5,0.5,0.0,0.0,0.0
RYLG,0.5,0.25,0.25,0.0,0.0
SNIP,0.25,0.0,0.0,0.0,0.75
SALAM,0.8,0.0,0.0,0.0,0.2
AP,0.5,0.0,0.0,0.0,0.5
LGECGGR,0.5714285714285714,0.0,0.14285714285714285,0.14285714285714285,0.14285714285714285
DNLLN,0.4,0.0,0.0,0.2,0.4
GAW,0.6666666666666666,0.3333333333333333,0.0,0.0,0.0
ASP,0.3333333333333333,0.0,0.0,0.0,0.6666666666666666
NSWVE,0.2,0.2,0.0,0.2,0.4
VPSERYL,0.2857142857142857,0.14285714285714285,0.14285714285714285,0.14285714285714285,0.2857142857142857
SY,0.0,0.5,0.0,0.0,0.5
ENLLRFFVAPFPEVFG,0.375,0.25,0.0625,0.125,0.1875
LT,0.5,0.0,0.0,0.0,0.5
PSNPP,0.0,0.0,0.0,0.0,1.0
GEGGP,0.6,0.0,0.0,0.2,0.2
APP,0.3333333333333333,0.0,0.0,0.0,0.6666666666666666
RADHP,0.2,0.0,0.4,0.2,0.2
DTW,0.0,0.3333333333333333,0.0,0.3333333333333333,0.3333333333333333
IPAQK,0.4,0.0,0.2,0.0,0.4
VAV,1.0,0.0,0.0,0.0,0.0
YGFLP,0.4,0.4,0.0,0.0,0.2
ALNEINQFYQK,0.2727272727272727,0.18181818181818182,0.09090909090909091,0.09090909090909091,0.36363636363636365
FK,0.0,0.5,0.5,0.0,0.0
KVLPG,0.6,0.0,0.2,0.0,0.2
RR,0.0,0.0,1.0,0.0,0.0
GVW,0.6666666666666666,0.3333333333333333,0.0,0.0,0.0
HDHM,0.25,0.0,0.5,0.25,0.0
WA,0.5,0.5,0.0,0.0,0.0
GPSMR,0.4,0.0,0.2,0.0,0.4
ALPP,0.5,0.0,0.0,0.0,0.5
LNENLLRFFVAPFPEVFG,0.3888888888888889,0.2222222222222222,0.05555555555555555,0.1111111111111111,0.2222222222222222
SHP,0.0,0.0,0.3333333333333333,0.0,0.6666666666666666
YQEPVL,0.3333333333333333,0.16666666666666666,0.0,0.16666666666666666,0.3333333333333333
VVPP,0.5,0.0,0.0,0.0,0.5
TVDQHQ,0.16666666666666666,0.0,0.16666666666666666,0.16666666666666666,0.5
TP,0.0,0.0,0.0,0.0,1.0
VPQPIP,0.3333333333333333,0.0,0.0,0.0,0.6666666666666666
NPP,0.0,0.0,0.0,0.0,1.0
VYPFPGPI,0.375,0.25,0.0,0.0,0.375
IVGRPR,0.5,0.0,0.3333333333333333,0.0,0.16666666666666666
LNVPGEIVE,0.5555555555555556,0.0,0.0,0.2222222222222222,0.2222222222222222
PQAFP,0.2,0.2,0.0,0.0,0.6
RPVQ,0.25,0.0,0.25,0.0,0.5
YQEPVLQPVR,0.3,0.1,0.1,0.1,0.4
STYQT,0.0,0.2,0.0,0.0,0.8
AMNPP,0.4,0.0,0.0,0.0,0.6
KVAGPK,0.5,0.0,0.3333333333333333,0.0,0.16666666666666666
LLRH,0.5,0.0,0.5,0.0,0.0
QLGP,0.5,0.0,0.0,0.0,0.5
LNPA,0.5,0.0,0.0,0.0,0.5
FP,0.0,0.5,0.0,0.0,0.5
LSPA,0.5,0.0,0.0,0.0,0.5
IVVE,0.75,0.0,0.0,0.25,0.0
YQEP,0.0,0.25,0.0,0.25,0.5
TGPIPN,0.3333333333333333,0.0,0.0,0.0,0.6666666666666666
APSAK,0.4,0.0,0.2,0.0,0.4
KAIP,0.5,0.0,0.25,0.0,0.25
RHQG,0.25,0.0,0.5,0.0,0.25
SLPQ,0.25,0.0,0.0,0.0,0.75
NLAG,0.75,0.0,0.0,0.0,0.25
VPFGVG,0.6666666666666666,0.16666666666666666,0.0,0.0,0.16666666666666666
PL,0.5,0.0,0.0,0.0,0.5
FNE,0.0,0.3333333333333333,0.0,0.3333333333333333,0.3333333333333333
PQPIP,0.2,0.0,0.0,0.0,0.8
QLLKLK,0.5,0.0,0.3333333333333333,0.0,0.16666666666666666
PSGQYY,0.16666666666666666,0.3333333333333333,0.0,0.0,0.5
PKLPPVKK,0.25,0.0,0.375,0.0,0.375
LF,0.5,0.5,0.0,0.0,0.0
GKP,0.3333333333333333,0.0,0.3333333333333333,0.0,0.3333333333333333
GPK,0.3333333333333333,0.0,0.3333333333333333,0.0,0.3333333333333333
SQPK,0.0,0.0,0.25,0.0,0.75
RMLGQ,0.6,0.0,0.2,0.0,0.2
FNQ,0.0,0.3333333333333333,0.0,0.0,0.6666666666666666
DF,0.0,0.5,0.0,0.5,0.0
GP,0.5,0.0,0.0,0.0,0.5
GQVPP,0.4,0.0,0.0,0.0,0.6
ACHP,0.25,0.0,0.25,0.0,0.5
VAPFPEVF,0.375,0.25,0.0,0.125,0.25
VLVPK,0.6,0.0,0.2,0.0,0.2
LKLP,0.5,0.0,0.25,0.0,0.25
ESAGIH,0.5,0.0,0.16666666666666666,0.16666666666666666,0.16666666666666666
AV,1.0,0.0,0.0,0.0,0.0
GVPKVKETMVPK,0.4166666666666667,0.0,0.25,0.08333333333333333,0.25
LMGP,0.75,0.0,0.0,0.0,0.25
EPKAIP,0.3333333333333333,0.0,0.16666666666666666,0.16666666666666666,0.3333333333333333
KR,0.0,0.0,1.0,0.0,0.0
TDQHQDKIYP,0.1,0.1,0.2,0.2,0.4
RPR,0.0,0.0,0.6666666666666666,0.0,0.3333333333333333
FDK,0.0,0.3333333333333333,0.3333333333333333,0.3333333333333333,0.0
VRGPFPIIV,0.5555555555555556,0.1111111111111111,0.1111111111111111,0.0,0.2222222222222222
TKIVP,0.4,0.0,0.2,0.0,0.4
TKVIP,0.4,0.0,0.2,0.0,0.4
GPA,0.6666666666666666,0.0,0.0,0.0,0.3333333333333333
EAP,0.3333333333333333,0.0,0.0,0.3333333333333333,0.3333333333333333
GY,0.5,0.5,0.0,0.0,0.0
YGL,0.6666666666666666,0.3333333333333333,0.0,0.0,0.0
LHLP,0.5,0.0,0.25,0.0,0.25
PFFDPQIP,0.125,0.25,0.0,0.125,0.5
VAND,0.5,0.0,0.0,0.25,0.25
YS,0.0,0.5,0.0,0.0,0.5
NLHLP,0.4,0.0,0.2,0.0,0.4
EMPFPK,0.16666666666666666,0.16666666666666666,0.16666666666666666,0.16666666666666666,0.3333333333333333
GPFPILV,0.5714285714285714,0.14285714285714285,0.0,0.0,0.2857142857142857
YTVF,0.25,0.5,0.0,0.0,0.25
GIQSEPKAIP,0.4,0.0,0.1,0.1,0.4
PLP,0.3333333333333333,0.0,0.0,0.0,0.6666666666666666
SEPKAIP,0.2857142857142857,0.0,0.14285714285714285,0.14285714285714285,0.42857142857142855
IPAIN,0.6,0.0,0.0,0.0,0.4
RDILNQ,0.3333333333333333,0.0,0.16666666666666666,0.16666666666666666,0.3333333333333333
GFPGTPGLPGF,0.45454545454545453,0.18181818181818182,0.0,0.0,0.36363636363636365
PQNILP,0.3333333333333333,0.0,0.0,0.0,0.6666666666666666
TCSP,0.0,0.0,0.0,0.0,1.0
PLPLL,0.6,0.0,0.0,0.0,0.4
YA,0.5,0.5,0.0,0.0,0.0
GTW,0.3333333333333333,0.3333333333333333,0.0,0.0,0.3333333333333333
HPFAQ,0.2,0.2,0.2,0.0,0.4
GRPR,0.25,0.0,0.5,0.0,0.25
IAIP,0.75,0.0,0.0,0.0,0.25
FVAPFPEV,0.375,0.25,0.0,0.125,0.25
FC,0.0,0.5,0.0,0.0,0.5
TGGGNV,0.6666666666666666,0.0,0.0,0.0,0.3333333333333333
AKLEK,0.4,0.0,0.4,0.2,0.0
GHS,0.3333333333333333,0.0,0.3333333333333333,0.0,0.3333333333333333
KLP,0.3333333333333333,0.0,0.3333333333333333,0.0,0.3333333333333333
LQSW,0.25,0.25,0.0,0.0,0.5
PTHIK,0.2,0.0,0.4,0.0,0.4
YPFPGPIP,0.25,0.25,0.0,0.0,0.5
PPEIN,0.2,0.0,0.0,0.2,0.6
FHSGIQSEPKAIP,0.3076923076923077,0.07692307692307693,0.15384615384615385,0.07692307692307693,0.38461538461538464
RVR,0.3333333333333333,0.0,0.6666666666666666,0.0,0.0
AGS,0.6666666666666666,0.0,0.0,0.0,0.3333333333333333
VAGTW,0.6,0.2,0.0,0.0,0.2
MM,1.0,0.0,0.0,0.0,0.0
ITTNP,0.2,0.0,0.0,0.0,0.8
EKERERQ,0.0,0.0,0.42857142857142855,0.42857142857142855,0.14285714285714285
AGP,0.6666666666666666,0.0,0.0,0.0,0.3333333333333333
NILP,0.5,0.0,0.0,0.0,0.5
SIQSQPQAFP,0.2,0.1,0.0,0.0,0.7
IQSEPKAIP,0.3333333333333333,0.0,0.1111111111111111,0.1111111111111111,0.4444444444444444
AMKPW,0.4,0.2,0.2,0.0,0.2
AMPKPW,0.3333333333333333,0.16666666666666666,0.16666666666666666,0.0,0.3333333333333333
GLDIQK,0.5,0.0,0.16666666666666666,0.16666666666666666,0.16666666666666666
DVPPYM,0.3333333333333333,0.16666666666666666,0.0,0.16666666666666666,0.3333333333333333
PIW,0.3333333333333333,0.3333333333333333,0.0,0.0,0.3333333333333333
QP,0.0,0.0,0.0,0.0,1.0
DM,0.5,0.0,0.0,0.5,0.0
IAIPP,0.6,0.0,0.0,0.0,0.4
AFP,0.3333333333333333,0.3333333333333333,0.0,0.0,0.3333333333333333
QPQAFP,0.16666666666666666,0.16666666666666666,0.0,0.0,0.6666666666666666
YK,0.0,0.5,0.5,0.0,0.0
LAHKAL,0.6666666666666666,0.0,0.3333333333333333,0.0,0.0
APVPP,0.4,0.0,0.0,0.0,0.6
WVPSV,0.4,0.2,0.0,0.0,0.4
YV,0.5,0.5,0.0,0.0,0.0
INSQ,0.25,0.0,0.0,0.0,0.75
ITF,0.3333333333333333,0.3333333333333333,0.0,0.0,0.3333333333333333
LGI,1.0,0.0,0.0,0.0,0.0
YQ,0.0,0.5,0.0,0.0,0.5
GF,0.5,0.5,0.0,0.0,0.0
IQSQPQAFP,0.2222222222222222,0.1111111111111111,0.0,0.0,0.6666666666666666
YE,0.0,0.5,0.0,0.5,0.0
LDAQSAPLR,0.4444444444444444,0.0,0.1111111111111111,0.1111111111111111,0.3333333333333333
FVAPFPEVFG,0.4,0.3,0.0,0.1,0.2
RALP,0.5,0.0,0.25,0.0,0.25
SGIQSEPKAIP,0.36363636363636365,0.0,0.09090909090909091,0.09090909090909091,0.45454545454545453
QVPQPIP,0.2857142857142857,0.0,0.0,0.0,0.7142857142857143
ER,0.0,0.0,0.5,0.5,0.0
AIP,0.6666666666666666,0.0,0.0,0.0,0.3333333333333333
TTN,0.0,0.0,0.0,0.0,1.0
AGSS,0.5,0.0,0.0,0.0,0.5
ITT,0.3333333333333333,0.0,0.0,0.0,0.6666666666666666
YY,0.0,1.0,0.0,0.0,0.0
LLMPK,0.6,0.0,0.2,0.0,0.2
IPQEVLP,0.42857142857142855,0.0,0.0,0.14285714285714285,0.42857142857142855
IR,0.5,0.0,0.5,0.0,0.0
PQR,0.0,0.0,0.3333333333333333,0.0,0.6666666666666666
QSQPQAFP,0.125,0.125,0.0,0.0,0.75
VRK,0.3333333333333333,0.0,0.6666666666666666,0.0,0.0
VPSERY,0.16666666666666666,0.16666666666666666,0.16666666666666666,0.16666666666666666,0.3333333333333333
PKHP,0.0,0.0,0.5,0.0,0.5
SQPQAFP,0.14285714285714285,0.14285714285714285,0.0,0.0,0.7142857142857143
LPLP,0.5,0.0,0.0,0.0,0.5
YQEPVLGP,0.375,0.125,0.0,0.125,0.375
EGEPR,0.2,0.0,0.2,0.4,0.2
WG,0.5,0.5,0.0,0.0,0.0
EDENNPFYLR,0.1,0.2,0.1,0.3,0.3
GLG,1.0,0.0,0.0,0.0,0.0
YGLF,0.5,0.5,0.0,0.0,0.0
GVQGPM,0.6666666666666666,0.0,0.0,0.0,0.3333333333333333
HQG,0.3333333333333333,0.0,0.3333333333333333,0.0,0.3333333333333333
TPVVVPPFLQP,0.36363636363636365,0.09090909090909091,0.0,0.0,0.5454545454545454
TPWVPPFLQP,0.2,0.2,0.0,0.0,0.6
QSEPKAIP,0.25,0.0,0.125,0.125,0.5
LALPP,0.6,0.0,0.0,0.0,0.4
VIPEL,0.6,0.0,0.0,0.2,0.2
HHT,0.0,0.0,0.6666666666666666,0.0,0.3333333333333333
LEK,0.3333333333333333,0.0,0.3333333333333333,0.3333333333333333,0.0
NK,0.0,0.0,0.5,0.0,0.5
TFPHGP,0.16666666666666666,0.16666666666666666,0.16666666666666666,0.0,0.5
AHHP,0.25,0.0,0.5,0.0,0.25
KDERF,0.0,0.2,0.4,0.4,0.0
KIEL,0.5,0.0,0.25,0.25,0.0
SPYP,0.0,0.25,0.0,0.0,0.75
QPIP,0.25,0.0,0.0,0.0,0.75
YSQQQQ,0.0,0.16666666666666666,0.0,0.0,0.8333333333333334
VVVPP,0.6,0.0,0.0,0.0,0.4
WNPR,0.0,0.25,0.25,0.0,0.5
RPKHPIKH,0.125,0.0,0.625,0.0,0.25
QK,0.0,0.0,0.5,0.0,0.5
YP,0.0,0.5,0.0,0.0,0.5
AIPP,0.5,0.0,0.0,0.0,0.5
DVITGA,0.6666666666666666,0.0,0.0,0.16666666666666666,0.16666666666666666
SVAKL,0.6,0.0,0.2,0.0,0.2
PQEVLP,0.3333333333333333,0.0,0.0,0.16666666666666666,0.5
ASYDTKF,0.14285714285714285,0.2857142857142857,0.14285714285714285,0.14285714285714285,0.2857142857142857
ALPM,0.75,0.0,0.0,0.0,0.25
MNPPK,0.2,0.0,0.2,0.0,0.6
TNP,0.0,0.0,0.0,0.0,1.0
VLDTDYK,0.2857142857142857,0.14285714285714285,0.14285714285714285,0.2857142857142857,0.14285714285714285
IF,0.5,0.5,0.0,0.0,0.0
HIR,0.3333333333333333,0.0,0.6666666666666666,0.0,0.0
ASGPINFT,0.375,0.125,0.0,0.0,0.5
KVHSSIQSQPQAFT,0.21428571428571427,0.07142857142857142,0.14285714285714285,0.0,0.5714285714285714
QAFT,0.25,0.25,0.0,0.0,0.5
SSIQSQPQAFT,0.18181818181818182,0.09090909090909091,0.0,0.0,0.7272727272727273
VHSSIQSQPQAFT,0.23076923076923078,0.07692307692307693,0.07692307692307693,0.0,0.6153846153846154
RML,0.6666666666666666,0.0,0.3333333333333333,0.0,0.0
LAMA,1.0,0.0,0.0,0.0,0.0
RLSGQTIEVTSEYLFRH,0.29411764705882354,0.11764705882352941,0.17647058823529413,0.11764705882352941,0.29411764705882354
LEGR,0.5,0.0,0.25,0.25,0.0
GHF,0.3333333333333333,0.3333333333333333,0.3333333333333333,0.0,0.0
GHP,0.3333333333333333,0.0,0.3333333333333333,0.0,0.3333333333333333
HIRL,0.5,0.0,0.5,0.0,0.0
GS,0.5,0.0,0.0,0.0,0.5
EP,0.0,0.0,0.0,0.5,0.5
IG,1.0,0.0,0.0,0.0,0.0
RG,0.5,0.0,0.5,0.0,0.0
KDVPP,0.2,0.0,0.2,0.2,0.4
HPIKH,0.2,0.0,0.6,0.0,0.2
LALR,0.75,0.0,0.25,0.0,0.0
GI,1.0,0.0,0.0,0.0,0.0
VQ,0.5,0.0,0.0,0.0,0.5
AVF,0.6666666666666666,0.3333333333333333,0.0,0.0,0.0
GM,1.0,0.0,0.0,0.0,0.0
YG,0.5,0.5,0.0,0.0,0.0
SKVYPFPGPI,0.3,0.2,0.1,0.0,0.4
TK,0.0,0.0,0.5,0.0,0.5
HWTTQR,0.0,0.16666666666666666,0.3333333333333333,0.0,0.5
ALPH,0.5,0.0,0.25,0.0,0.25
AQK,0.3333333333333333,0.0,0.3333333333333333,0.0,0.3333333333333333
FDART,0.2,0.2,0.2,0.2,0.2
DL,0.5,0.0,0.0,0.5,0.0
GA,1.0,0.0,0.0,0.0,0.0
VRSP,0.25,0.0,0.25,0.0,0.5
SVAKLE,0.5,0.0,0.16666666666666666,0.16666666666666666,0.16666666666666666
NP,0.0,0.0,0.0,0.0,1.0
PYK,0.0,0.3333333333333333,0.3333333333333333,0.0,0.3333333333333333
RL,0.5,0.0,0.5,0.0,0.0
LVRT,0.5,0.0,0.25,0.0,0.25
GL,1.0,0.0,0.0,0.0,0.0
AG,1.0,0.0,0.0,0.0,0.0
GVYPH,0.4,0.2,0.2,0.0,0.2
LGALPF,0.6666666666666666,0.16666666666666666,0.0,0.0,0.16666666666666666
LKPTPEGN,0.25,0.0,0.125,0.125,0.5
DYG,0.3333333333333333,0.3333333333333333,0.0,0.3333333333333333,0.0
LVNDLVTPVFDNL,0.46153846153846156,0.07692307692307693,0.0,0.15384615384615385,0.3076923076923077
YYA,0.3333333333333333,0.6666666666666666,0.0,0.0,0.0
GH,0.5,0.0,0.5,0.0,0.0
VYNEGLPAP,0.4444444444444444,0.1111111111111111,0.0,0.1111111111111111,0.3333333333333333
KG,0.5,0.0,0.5,0.0,0.0
AI,1.0,0.0,0.0,0.0,0.0
TTENVLFG,0.375,0.125,0.0,0.125,0.375
FG,0.5,0.5,0.0,0.0,0.0
TQPKTNAIPY,0.2,0.1,0.1,0.0,0.6
YYAPFE,0.16666666666666666,0.5,0.0,0.16666666666666666,0.16666666666666666
DA,0.5,0.0,0.0,0.5,0.0
MAIPPKK,0.42857142857142855,0.0,0.2857142857142857,0.0,0.2857142857142857
MG,1.0,0.0,0.0,0.0,0.0
VLPIPQ,0.5,0.0,0.0,0.0,0.5
GE,0.5,0.0,0.0,0.5,0.0
GT,0.5,0.0,0.0,0.0,0.5
HG,0.5,0.0,0.5,0.0,0.0
VG,1.0,0.0,0.0,0.0,0.0
ALEP,0.5,0.0,0.0,0.25,0.25
MK,0.5,0.0,0.5,0.0,0.0
WTFR,0.0,0.5,0.25,0.0,0.25
GQ,0.5,0.0,0.0,0.0,0.5
FQ,0.0,0.5,0.0,0.0,0.5
QG,0.5,0.0,0.0,0.0,0.5
SG,0.5,0.0,0.0,0.0,0.5
GG,1.0,0.0,0.0,0.0,0.0
LG,1.0,0.0,0.0,0.0,0.0
GD,0.5,0.0,0.0,0.5,0.0
TG,0.5,0.0,0.0,0.0,0.5
EG,0.5,0.0,0.0,0.5,0.0
YGG,0.6666666666666666,0.3333333333333333,0.0,0.0,0.0
NG,0.5,0.0,0.0,0.0,0.5
PG,0.5,0.0,0.0,0.0,0.5
VVG,1.0,0.0,0.0,0.0,0.0
VAE,0.6666666666666666,0.0,0.0,0.3333333333333333,0.0
YQIGL,0.6,0.2,0.0,0.0,0.2
AAATPL,0.6666666666666666,0.0,0.0,0.0,0.3333333333333333
ADHP,0.25,0.0,0.25,0.25,0.25
AGLAPY,0.6666666666666666,0.16666666666666666,0.0,0.0,0.16666666666666666
AGLP,0.75,0.0,0.0,0.0,0.25
AL,1.0,0.0,0.0,0.0,0.0
AMQS,0.5,0.0,0.0,0.0,0.5
ASYDTKFE,0.125,0.25,0.125,0.25,0.25
AYPS,0.25,0.25,0.0,0.0,0.5
DKIHPF,0.16666666666666666,0.16666666666666666,0.3333333333333333,0.16666666666666666,0.16666666666666666
DLQGK,0.4,0.0,0.2,0.2,0.2
DTGP,0.25,0.0,0.0,0.25,0.5
EAPPK,0.2,0.0,0.2,0.2,0.4
EEYPDL,0.16666666666666666,0.16666666666666666,0.0,0.5,0.16666666666666666
EK,0.0,0.0,0.5,0.5,0.0
ELIN,0.5,0.0,0.0,0.25,0.25
ENLHLP,0.3333333333333333,0.0,0.16666666666666666,0.16666666666666666,0.3333333333333333
EPR,0.0,0.0,0.3333333333333333,0.3333333333333333,0.3333333333333333
ESI,0.3333333333333333,0.0,0.0,0.3333333333333333,0.3333333333333333
ESIINF,0.3333333333333333,0.16666666666666666,0.0,0.16666666666666666,0.3333333333333333
EVLP,0.5,0.0,0.0,0.25,0.25
FEGTVFENG,0.3333333333333333,0.2222222222222222,0.0,0.2222222222222222,0.2222222222222222
FVEPIP,0.3333333333333333,0.16666666666666666,0.0,0.16666666666666666,0.3333333333333333
GGDDL,0.6,0.0,0.0,0.4,0.0
GGFIE,0.6,0.2,0.0,0.2,0.0
GGLEPI,0.6666666666666666,0.0,0.0,0.16666666666666666,0.16666666666666666
GNGGA,0.8,0.0,0.0,0.0,0.2
GPR,0.3333333333333333,0.0,0.3333333333333333,0.0,0.3333333333333333
GV,1.0,0.0,0.0,0.0,0.0
GVDNPGHPF,0.3333333333333333,0.1111111111111111,0.1111111111111111,0.1111111111111111,0.3333333333333333
HA,0.5,0.0,0.5,0.0,0.0
HAEIN,0.4,0.0,0.2,0.2,0.2
HANENIF,0.2857142857142857,0.14285714285714285,0.14285714285714285,0.14285714285714285,0.2857142857142857
HIK,0.3333333333333333,0.0,0.6666666666666666,0.0,0.0
HIKW,0.25,0.25,0.5,0.0,0.0
HKEMPFPKY,0.1111111111111111,0.2222222222222222,0.3333333333333333,0.1111111111111111,0.2222222222222222
HLPPPV,0.3333333333333333,0.0,0.16666666666666666,0.0,0.5
HQDF,0.0,0.25,0.25,0.25,0.25
HSGIQSEPKAIP,0.3333333333333333,0.0,0.16666666666666666,0.08333333333333333,0.4166666666666667
IFENLQN,0.2857142857142857,0.14285714285714285,0.0,0.14285714285714285,0.42857142857142855
IGGSI,0.8,0.0,0.0,0.0,0.2
IIPLEN,0.5,0.0,0.0,0.16666666666666666,0.3333333333333333
INDPF,0.2,0.2,0.0,0.2,0.4
KAEEEYPDL,0.2222222222222222,0.1111111111111111,0.1111111111111111,0.4444444444444444,0.1111111111111111
KDQGSYEDF,0.1111111111111111,0.2222222222222222,0.1111111111111111,0.3333333333333333,0.2222222222222222
KFHSGIQSEPKAIP,0.2857142857142857,0.07142857142857142,0.21428571428571427,0.07142857142857142,0.35714285714285715
KGLWE,0.4,0.2,0.2,0.2,0.0
KHQDFF,0.0,0.3333333333333333,0.3333333333333333,0.16666666666666666,0.16666666666666666
KLEK,0.25,0.0,0.5,0.25,0.0
KLSDW,0.2,0.2,0.2,0.2,0.2
KTEIPTIN,0.25,0.0,0.125,0.125,0.5
LEIVPK,0.5,0.0,0.16666666666666666,0.16666666666666666,0.16666666666666666
LENLHLP,0.42857142857142855,0.0,0.14285714285714285,0.14285714285714285,0.2857142857142857
LK,0.5,0.0,0.5,0.0,0.0
LLNP,0.5,0.0,0.0,0.0,0.5
LNSLT,0.4,0.0,0.0,0.0,0.6
LNVVGETVE,0.5555555555555556,0.0,0.0,0.2222222222222222,0.2222222222222222
LPPP,0.25,0.0,0.0,0.0,0.75
LPPPVH,0.3333333333333333,0.0,0.16666666666666666,0.0,0.5
LSSGDVF,0.42857142857142855,0.14285714285714285,0.0,0.14285714285714285,0.2857142857142857
LTDLENLHLP,0.4,0.0,0.1,0.2,0.3
LTFPG,0.4,0.2,0.0,0.0,0.4
MMVPI,0.8,0.0,0.0,0.0,0.2
NAGPFTPTVNREQLSTS,0.23529411764705882,0.058823529411764705,0.058823529411764705,0.058823529411764705,0.5882352941176471
NF,0.0,0.5,0.0,0.0,0.5
NIIPA,0.6,0.0,0.0,0.0,0.4
NKPGDML,0.42857142857142855,0.0,0.14285714285714285,0.14285714285714285,0.2857142857142857
NVR,0.3333333333333333,0.0,0.3333333333333333,0.0,0.3333333333333333
PAAPPK,0.3333333333333333,0.0,0.16666666666666666,0.0,0.5
PAGPR,0.4,0.0,0.2,0.0,0.4
PAGPVG,0.6666666666666666,0.0,0.0,0.0,0.3333333333333333
PER,0.0,0.0,0.3333333333333333,0.3333333333333333,0.3333333333333333
PFPE,0.0,0.25,0.0,0.25,0.5
PGR,0.3333333333333333,0.0,0.3333333333333333,0.0,0.3333333333333333
PHA,0.3333333333333333,0.0,0.3333333333333333,0.0,0.3333333333333333
PNSHP,0.0,0.0,0.2,0.0,0.8
PP,0.0,0.0,0.0,0.0,1.0
PPK,0.0,0.0,0.3333333333333333,0.0,0.6666666666666666
PPL,0.3333333333333333,0.0,0.0,0.0,0.6666666666666666
PTFIAW,0.3333333333333333,0.3333333333333333,0.0,0.0,0.3333333333333333
PTPVP,0.2,0.0,0.0,0.0,0.8
PVQ,0.3333333333333333,0.0,0.0,0.0,0.6666666666666666
QAFP,0.25,0.25,0.0,0.0,0.5
QDNSRYTHFLTQHYDAFPQGR,0.14285714285714285,0.19047619047619047,0.19047619047619047,0.09523809523809523,0.38095238095238093
QEVLP,0.4,0.0,0.0,0.2,0.4
QNILP,0.4,0.0,0.0,0.0,0.6
QSLTL,0.4,0.0,0.0,0.0,0.6
QVTSTAV,0.42857142857142855,0.0,0.0,0.0,0.5714285714285714
RADHPF,0.16666666666666666,0.16666666666666666,0.3333333333333333,0.16666666666666666,0.16666666666666666
RELEEL,0.3333333333333333,0.0,0.16666666666666666,0.5,0.0
RELKDL,0.3333333333333333,0.0,0.3333333333333333,0.3333333333333333,0.0
RINK,0.25,0.0,0.5,0.0,0.25
RINKK,0.2,0.0,0.6,0.0,0.2
RPKH,0.0,0.0,0.75,0.0,0.25
RPKHPI,0.16666666666666666,0.0,0.5,0.0,0.3333333333333333
RPKHPIKHQ,0.1111111111111111,0.0,0.5555555555555556,0.0,0.3333333333333333
SAGPM,0.6,0.0,0.0,0.0,0.4
TGPIPNSLPQ,0.3,0.0,0.0,0.0,0.7
TPSPR,0.0,0.0,0.2,0.0,0.8
TVQVTSTAV,0.4444444444444444,0.0,0.0,0.0,0.5555555555555556
VGGPR,0.6,0.0,0.2,0.0,0.2
VGPR,0.5,0.0,0.25,0.0,0.25
VIGSPPEIN,0.4444444444444444,0.0,0.0,0.1111111111111111,0.4444444444444444
VLGPVRGPFPIIV,0.6153846153846154,0.07692307692307693,0.07692307692307693,0.0,0.23076923076923078
VLLPDEVSGL,0.6,0.0,0.0,0.2,0.2
VLPEI,0.6,0.0,0.0,0.2,0.2
VPPAK,0.4,0.0,0.2,0.0,0.4
VPQP,0.25,0.0,0.0,0.0,0.75
VQVTSTAV,0.5,0.0,0.0,0.0,0.5
VVVPPF,0.5,0.16666666666666666,0.0,0.0,0.3333333333333333
WIHNENQGF,0.2222222222222222,0.2222222222222222,0.1111111111111111,0.1111111111111111,0.3333333333333333
YAEER,0.2,0.2,0.2,0.4,0.0
YPF,0.0,0.6666666666666666,0.0,0.0,0.3333333333333333
YPGIA,0.6,0.2,0.0,0.0,0.2
YPIL,0.5,0.25,0.0,0.0,0.25
YRGGLEPINF,0.4,0.2,0.1,0.1,0.2
