MDFLI,0,0,0.2,0,0.2,0,0,0.2,0,0.2,0.2,0,0,0,0,0,0,0,0,0
MFDL,0,0,0.25,0,0.25,0,0,0,0,0.25,0.25,0,0,0,0,0,0,0,0,0
MDLA,0.25,0,0.25,0,0,0,0,0,0,0.25,0.25,0,0,0,0,0,0,0,0,0
LIVTQ,0,0,0,0,0,0,0,0.2,0,0.2,0,0,0,0.2,0,0,0.2,0.2,0,0
LIVT,0,0,0,0,0,0,0,0.25,0,0.25,0,0,0,0,0,0,0.25,0.25,0,0
MILLLFR,0,0,0,0,0.142857143,0,0,0.142857143,0,0.428571429,0.142857143,0,0,0,0.142857143,0,0,0,0,0
VYRT,0,0,0,0,0,0,0,0,0,0,0,0,0,0,0.25,0,0.25,0.25,0,0.25
VSV,0,0,0,0,0,0,0,0,0,0,0,0,0,0,0,0.333333333,0,0.666666667,0,0
IKW,0,0,0,0,0,0,0,0.333333333,0.333333333,0,0,0,0,0,0,0,0,0,0.333333333,0
LRW,0,0,0,0,0,0,0,0,0,0.333333333,0,0,0,0,0.333333333,0,0,0,0.333333333,0
LRP,0,0,0,0,0,0,0,0,0,0.333333333,0,0,0.333333333,0,0.333333333,0,0,0,0,0
MKP,0,0,0,0,0,0,0,0,0.333333333,0,0.333333333,0,0.333333333,0,0,0,0,0,0,0
LKP,0,0,0,0,0,0,0,0,0.333333333,0.333333333,0,0,0.333333333,0,0,0,0,0,0,0
VVYPW,0,0,0,0,0,0,0,0,0,0,0,0,0.2,0,0,0,0,0.4,0.2,0.2
LRIPVA,0.166666667,0,0,0,0,0,0,0.166666667,0,0.166666667,0,0,0.166666667,0,0.166666667,0,0,0.166666667,0,0
PTHIAW,0.166666667,0,0,0,0,0,0.166666667,0.166666667,0,0,0,0,0.166666667,0,0,0,0.166666667,0,0.166666667,0
FFGVRCVSP,0,0.111111111,0,0,0.222222222,0.111111111,0,0,0,0,0,0,0.111111111,0,0.111111111,0.111111111,0,0.222222222,0,0
LIWKL,0,0,0,0,0,0,0,0.2,0.2,0.4,0,0,0,0,0,0,0,0,0.2,0
IVY,0,0,0,0,0,0,0,0.333333333,0,0,0,0,0,0,0,0,0,0.333333333,0,0.333333333
FKGRYYP,0,0,0,0,0.142857143,0.142857143,0,0,0.142857143,0,0,0,0.142857143,0,0.142857143,0,0,0,0,0.285714286
IRW,0,0,0,0,0,0,0,0.333333333,0,0,0,0,0,0,0.333333333,0,0,0,0.333333333,0
IRY,0,0,0,0,0,0,0,0.333333333,0,0,0,0,0,0,0.333333333,0,0,0,0,0.333333333
MRW,0,0,0,0,0,0,0,0,0,0,0.333333333,0,0,0,0.333333333,0,0,0,0.333333333,0
KGYGGVSLPEW,0,0,0,0.090909091,0,0.272727273,0,0,0.090909091,0.090909091,0,0,0.090909091,0,0,0.090909091,0,0.090909091,0.090909091,0.090909091
RYLGY,0,0,0,0,0,0.2,0,0,0,0.2,0,0,0,0,0.2,0,0,0,0,0.4
MAP,0.333333333,0,0,0,0,0,0,0,0,0,0.333333333,0,0.333333333,0,0,0,0,0,0,0
LIY,0,0,0,0,0,0,0,0.333333333,0,0.333333333,0,0,0,0,0,0,0,0,0,0.333333333
TYLGS,0,0,0,0,0,0.2,0,0,0,0.2,0,0,0,0,0,0.2,0.2,0,0,0.2
VLRP,0,0,0,0,0,0,0,0,0,0.25,0,0,0.25,0,0.25,0,0,0.25,0,0
PTHIKWGD,0,0,0.125,0,0,0.125,0.125,0.125,0.125,0,0,0,0.125,0,0,0,0.125,0,0.125,0
VHW,0,0,0,0,0,0,0.333333333,0,0,0,0,0,0,0,0,0,0,0.333333333,0.333333333,0
GAAELPCSADWW,0.25,0.083333333,0.083333333,0.083333333,0,0.083333333,0,0,0,0.083333333,0,0,0.083333333,0,0,0.083333333,0,0,0.166666667,0
IIY,0,0,0,0,0,0,0,0.666666667,0,0,0,0,0,0,0,0,0,0,0,0.333333333
VVGAK,0.2,0,0,0,0,0.2,0,0,0.2,0,0,0,0,0,0,0,0,0.4,0,0
ERKIKVYL,0,0,0,0.125,0,0,0,0.125,0.25,0.125,0,0,0,0,0.125,0,0,0.125,0,0.125
VRF,0,0,0,0,0.333333333,0,0,0,0,0,0,0,0,0,0.333333333,0,0,0.333333333,0,0
CFCTKPC,0,0.428571429,0,0,0.142857143,0,0,0,0.142857143,0,0,0,0.142857143,0,0,0,0.142857143,0,0,0
FL,0,0,0,0,0.5,0,0,0,0,0.5,0,0,0,0,0,0,0,0,0,0
IRPVQ,0,0,0,0,0,0,0,0.2,0,0,0,0,0.2,0.2,0.2,0,0,0.2,0,0
SKVYP,0,0,0,0,0,0,0,0,0.2,0,0,0,0.2,0,0,0.2,0,0.2,0,0.2
AKYSY,0.2,0,0,0,0,0,0,0,0.2,0,0,0,0,0,0,0.2,0,0,0,0.4
PTHVAW,0.166666667,0,0,0,0,0,0.166666667,0,0,0,0,0,0.166666667,0,0,0,0.166666667,0.166666667,0.166666667,0
GVYPHK,0,0,0,0,0,0.166666667,0.166666667,0,0.166666667,0,0,0,0.166666667,0,0,0,0,0.166666667,0,0.166666667
IQW,0,0,0,0,0,0,0,0.333333333,0,0,0,0,0,0.333333333,0,0,0,0,0.333333333,0
LHP,0,0,0,0,0,0,0.333333333,0,0,0.333333333,0,0,0.333333333,0,0,0,0,0,0,0
KW,0,0,0,0,0,0,0,0,0.5,0,0,0,0,0,0,0,0,0,0.5,0
AFKAWAVAR,0.444444444,0,0,0,0.111111111,0,0,0,0.111111111,0,0,0,0,0,0.111111111,0,0,0.111111111,0.111111111,0
APGAGVY,0.285714286,0,0,0,0,0.285714286,0,0,0,0,0,0,0.142857143,0,0,0,0,0.142857143,0,0.142857143
IKP,0,0,0,0,0,0,0,0.333333333,0.333333333,0,0,0,0.333333333,0,0,0,0,0,0,0
FQPQPLIYP,0,0,0,0,0.111111111,0,0,0.111111111,0,0.111111111,0,0,0.333333333,0.222222222,0,0,0,0,0,0.111111111
IMY,0,0,0,0,0,0,0,0.333333333,0,0,0.333333333,0,0,0,0,0,0,0,0,0.333333333
IRP,0,0,0,0,0,0,0,0.333333333,0,0,0,0,0.333333333,0,0.333333333,0,0,0,0,0
LHLPLR,0,0,0,0,0,0,0.166666667,0,0,0.5,0,0,0.166666667,0,0.166666667,0,0,0,0,0
FFYY,0,0,0,0,0.5,0,0,0,0,0,0,0,0,0,0,0,0,0,0,0.5
GKKVLQ,0,0,0,0,0,0.166666667,0,0,0.333333333,0.166666667,0,0,0,0.166666667,0,0,0,0.166666667,0,0
LHLPGP,0,0,0,0,0,0.166666667,0.166666667,0,0,0.333333333,0,0,0.333333333,0,0,0,0,0,0,0
CF,0,0.5,0,0,0.5,0,0,0,0,0,0,0,0,0,0,0,0,0,0,0
LAPSLPGKPKPD,0.083333333,0,0.083333333,0,0,0.083333333,0,0,0.166666667,0.166666667,0,0,0.333333333,0,0,0.083333333,0,0,0,0
DGVVYY,0,0,0.166666667,0,0,0.166666667,0,0,0,0,0,0,0,0,0,0,0,0.333333333,0,0.333333333
GKKIATYQER,0.1,0,0,0.1,0,0.1,0,0.1,0.2,0,0,0,0,0.1,0.1,0,0.1,0,0,0.1
IW,0,0,0,0,0,0,0,0.5,0,0,0,0,0,0,0,0,0,0,0.5,0
KKIATYQER,0.111111111,0,0,0.111111111,0,0,0,0.111111111,0.222222222,0,0,0,0,0.111111111,0.111111111,0,0.111111111,0,0,0.111111111
TVPY,0,0,0,0,0,0,0,0,0,0,0,0,0.25,0,0,0,0.25,0.25,0,0.25
VAP,0.333333333,0,0,0,0,0,0,0,0,0,0,0,0.333333333,0,0,0,0,0.333333333,0,0
MRWRD,0,0,0.2,0,0,0,0,0,0,0,0.2,0,0,0,0.4,0,0,0,0.2,0
FQKVVAK,0.142857143,0,0,0,0.142857143,0,0,0,0.285714286,0,0,0,0,0.142857143,0,0,0,0.285714286,0,0
DP,0,0,0.5,0,0,0,0,0,0,0,0,0,0.5,0,0,0,0,0,0,0
FSY,0,0,0,0,0.333333333,0,0,0,0,0,0,0,0,0,0,0.333333333,0,0,0,0.333333333
LQP,0,0,0,0,0,0,0,0,0,0.333333333,0,0,0.333333333,0.333333333,0,0,0,0,0,0
VRP,0,0,0,0,0,0,0,0,0,0,0,0,0.333333333,0,0.333333333,0,0,0.333333333,0,0
LHLPYP,0,0,0,0,0,0,0.166666667,0,0,0.333333333,0,0,0.333333333,0,0,0,0,0,0,0.166666667
TKY,0,0,0,0,0,0,0,0,0.333333333,0,0,0,0,0,0,0,0.333333333,0,0,0.333333333
TYCQ,0,0.25,0,0,0,0,0,0,0,0,0,0,0,0.25,0,0,0.25,0,0,0.25
LKPNM,0,0,0,0,0,0,0,0,0.2,0.2,0.2,0.2,0.2,0,0,0,0,0,0,0
PYVRYL,0,0,0,0,0,0,0,0,0,0.166666667,0,0,0.166666667,0,0.166666667,0,0,0.166666667,0,0.333333333
ILP,0,0,0,0,0,0,0,0.333333333,0,0.333333333,0,0,0.333333333,0,0,0,0,0,0,0
IWHHTF,0,0,0,0,0.166666667,0,0.333333333,0.166666667,0,0,0,0,0,0,0,0,0.166666667,0,0.166666667,0
PRY,0,0,0,0,0,0,0,0,0,0,0,0,0.333333333,0,0.333333333,0,0,0,0,0.333333333
VW,0,0,0,0,0,0,0,0,0,0,0,0,0,0,0,0,0,0.5,0.5,0
LTF,0,0,0,0,0.333333333,0,0,0,0,0.333333333,0,0,0,0,0,0,0.333333333,0,0,0
FHERDPTHIKWGD,0,0,0.153846154,0.076923077,0.076923077,0.076923077,0.153846154,0.076923077,0.076923077,0,0,0,0.076923077,0,0.076923077,0,0.076923077,0,0.076923077,0
TKTGRSAHVLSRYRPRA,0.117647059,0,0,0,0,0.058823529,0.058823529,0,0.058823529,0.058823529,0,0,0.058823529,0,0.235294118,0.117647059,0.117647059,0.058823529,0,0.058823529
VADVYVGK,0.125,0,0.125,0,0,0.125,0,0,0.125,0,0,0,0,0,0,0,0,0.375,0,0.125
VAW,0.333333333,0,0,0,0,0,0,0,0,0,0,0,0,0,0,0,0,0.333333333,0.333333333,0
IAYKP,0.2,0,0,0,0,0,0,0.2,0.2,0,0,0,0.2,0,0,0,0,0,0,0.2
EVMAGNLYPG,0.1,0,0,0.1,0,0.2,0,0,0,0.1,0.1,0.1,0.1,0,0,0,0,0.1,0,0.1
PQPLIYP,0,0,0,0,0,0,0,0.142857143,0,0.142857143,0,0,0.428571429,0.142857143,0,0,0,0,0,0.142857143
MVGSAPGVL,0.111111111,0,0,0,0,0.222222222,0,0,0,0.111111111,0.111111111,0,0.111111111,0,0,0.111111111,0,0.222222222,0,0
FRADHPFL,0.125,0,0.125,0,0.25,0,0.125,0,0,0.125,0,0,0.125,0,0.125,0,0,0,0,0
FRAHPFL,0.142857143,0,0,0,0.285714286,0,0.142857143,0,0,0.142857143,0,0,0.142857143,0,0.142857143,0,0,0,0,0
ITMIAPSAF,0.222222222,0,0,0,0.111111111,0,0,0.222222222,0,0,0.111111111,0,0.111111111,0,0,0.111111111,0.111111111,0,0,0
DIGYY,0,0,0.2,0,0,0.2,0,0.2,0,0,0,0,0,0,0,0,0,0,0,0.4
IFVPAF,0.166666667,0,0,0,0.333333333,0,0,0.166666667,0,0,0,0,0.166666667,0,0,0,0,0.166666667,0,0
VAHINVWK,0.125,0,0,0,0,0,0.125,0.125,0.125,0,0,0.125,0,0,0,0,0,0.25,0.125,0
IWH,0,0,0,0,0,0,0.333333333,0.333333333,0,0,0,0,0,0,0,0,0,0,0.333333333,0
LAP,0.333333333,0,0,0,0,0,0,0,0,0.333333333,0,0,0.333333333,0,0,0,0,0,0,0
QPLIYP,0,0,0,0,0,0,0,0.166666667,0,0.166666667,0,0,0.333333333,0.166666667,0,0,0,0,0,0.166666667
VVYPWTQ,0,0,0,0,0,0,0,0,0,0,0,0,0.142857143,0.142857143,0,0,0.142857143,0.285714286,0.142857143,0.142857143
IY,0,0,0,0,0,0,0,0.5,0,0,0,0,0,0,0,0,0,0,0,0.5
LHLPLP,0,0,0,0,0,0,0.166666667,0,0,0.5,0,0,0.333333333,0,0,0,0,0,0,0
VKP,0,0,0,0,0,0,0,0,0.333333333,0,0,0,0.333333333,0,0,0,0,0.333333333,0,0
ISHIYVWK,0,0,0,0,0,0,0.125,0.25,0.125,0,0,0,0,0,0,0.125,0,0.125,0.125,0.125
FYPEL,0,0,0,0.2,0.2,0,0,0,0,0.2,0,0,0.2,0,0,0,0,0,0,0.2
IFVPA,0.2,0,0,0,0.2,0,0,0.2,0,0,0,0,0.2,0,0,0,0,0.2,0,0
LAY,0.333333333,0,0,0,0,0,0,0,0,0.333333333,0,0,0,0,0,0,0,0,0,0.333333333
DELQDKIHPFAQTQSLVYPFPGPIPNS,0.037037037,0,0.074074074,0.037037037,0.074074074,0.037037037,0.037037037,0.074074074,0.037037037,0.074074074,0,0.037037037,0.185185185,0.111111111,0,0.074074074,0.037037037,0.037037037,0,0.037037037
LQW,0,0,0,0,0,0,0,0,0,0.333333333,0,0,0,0.333333333,0,0,0,0,0.333333333,0
PNRIKYGD,0,0,0.125,0,0,0.125,0,0.125,0.125,0,0,0.125,0.125,0,0.125,0,0,0,0,0.125
QPQPLIYP,0,0,0,0,0,0,0,0.125,0,0.125,0,0,0.375,0.25,0,0,0,0,0,0.125
GVGAGY,0.166666667,0,0,0,0,0.5,0,0,0,0,0,0,0,0,0,0,0,0.166666667,0,0.166666667
VVCVPW,0,0.166666667,0,0,0,0,0,0,0,0,0,0,0.166666667,0,0,0,0,0.5,0.166666667,0
LRPVAA,0.333333333,0,0,0,0,0,0,0,0,0.166666667,0,0,0.166666667,0,0.166666667,0,0,0.166666667,0,0
IAYKPAG,0.285714286,0,0,0,0,0.142857143,0,0.142857143,0.142857143,0,0,0,0.142857143,0,0,0,0,0,0,0.142857143
FALPQY,0.166666667,0,0,0,0.166666667,0,0,0,0,0.166666667,0,0,0.166666667,0.166666667,0,0,0,0,0,0.166666667
FALPQYLK,0.125,0,0,0,0.125,0,0,0,0.125,0.25,0,0,0.125,0.125,0,0,0,0,0,0.125
IVRDPNGMGAW,0.090909091,0,0.090909091,0,0,0.181818182,0,0.090909091,0,0,0.090909091,0.090909091,0.090909091,0,0.090909091,0,0,0.090909091,0.090909091,0
PLIYP,0,0,0,0,0,0,0,0.2,0,0.2,0,0,0.4,0,0,0,0,0,0,0.2
VPA,0.333333333,0,0,0,0,0,0,0,0,0,0,0,0.333333333,0,0,0,0,0.333333333,0,0
FVPAF,0.2,0,0,0,0.4,0,0,0,0,0,0,0,0.2,0,0,0,0,0.2,0,0
LYPVK,0,0,0,0,0,0,0,0,0.2,0.2,0,0,0.2,0,0,0,0,0.2,0,0.2
VHLAP,0.2,0,0,0,0,0,0.2,0,0,0.2,0,0,0.2,0,0,0,0,0.2,0,0
VWP,0,0,0,0,0,0,0,0,0,0,0,0,0.333333333,0,0,0,0,0.333333333,0.333333333,0
VYPHK,0,0,0,0,0,0,0.2,0,0.2,0,0,0,0.2,0,0,0,0,0.2,0,0.2
QNALIVRYTR,0.1,0,0,0,0,0,0,0.1,0,0.1,0,0.1,0,0.1,0.2,0,0.1,0.1,0,0.1
WHP,0,0,0,0,0,0,0.333333333,0,0,0,0,0,0.333333333,0,0,0,0,0,0.333333333,0
YPSFQPQPLIYP,0,0,0,0,0.083333333,0,0,0.083333333,0,0.083333333,0,0,0.333333333,0.166666667,0,0.083333333,0,0,0,0.166666667
LGFPTTKTYFPHF,0,0,0,0,0.230769231,0.076923077,0.076923077,0,0.076923077,0.076923077,0,0,0.153846154,0,0,0,0.230769231,0,0,0.076923077
IPP,0,0,0,0,0,0,0,0.333333333,0,0,0,0,0.666666667,0,0,0,0,0,0,0
KVLPVP,0,0,0,0,0,0,0,0,0.166666667,0.166666667,0,0,0.333333333,0,0,0,0,0.333333333,0,0
KWLP,0,0,0,0,0,0,0,0,0.25,0.25,0,0,0.25,0,0,0,0,0,0.25,0
LRY,0,0,0,0,0,0,0,0,0,0.333333333,0,0,0,0,0.333333333,0,0,0,0,0.333333333
LLLAHLL,0.142857143,0,0,0,0,0,0.142857143,0,0,0.714285714,0,0,0,0,0,0,0,0,0,0
VELYP,0,0,0,0.2,0,0,0,0,0,0.2,0,0,0.2,0,0,0,0,0.2,0,0.2
LVYPFPGPIPNSLPQNIPP,0,0,0,0,0.052631579,0.052631579,0,0.105263158,0,0.105263158,0,0.105263158,0.368421053,0.052631579,0,0.052631579,0,0.052631579,0,0.052631579
MLPVY,0,0,0,0,0,0,0,0,0,0.2,0.2,0,0.2,0,0,0,0,0.2,0,0.2
PYKWLP,0,0,0,0,0,0,0,0,0.166666667,0.166666667,0,0,0.333333333,0,0,0,0,0,0.166666667,0.166666667
VTVNPYKWLP,0,0,0,0,0,0,0,0,0.1,0.1,0,0.1,0.2,0,0,0,0.1,0.2,0.1,0.1
VVYPWTQRF,0,0,0,0,0.111111111,0,0,0,0,0,0,0,0.111111111,0.111111111,0.111111111,0,0.111111111,0.222222222,0.111111111,0.111111111
LKIPLY,0,0,0,0,0,0,0,0.166666667,0.166666667,0.333333333,0,0,0.166666667,0,0,0,0,0,0,0.166666667
VLPF,0,0,0,0,0.25,0,0,0,0,0.25,0,0,0.25,0,0,0,0,0.25,0,0
FQKVVA,0.166666667,0,0,0,0.166666667,0,0,0,0.166666667,0,0,0,0,0.166666667,0,0,0,0.333333333,0,0
IWHHT,0,0,0,0,0,0,0.4,0.2,0,0,0,0,0,0,0,0,0.2,0,0.2,0
LVY,0,0,0,0,0,0,0,0,0,0.333333333,0,0,0,0,0,0,0,0.333333333,0,0.333333333
FW,0,0,0,0,0.5,0,0,0,0,0,0,0,0,0,0,0,0,0,0.5,0
FFVAP,0.2,0,0,0,0.4,0,0,0,0,0,0,0,0.2,0,0,0,0,0.2,0,0
LHLPAP,0.166666667,0,0,0,0,0,0.166666667,0,0,0.333333333,0,0,0.333333333,0,0,0,0,0,0,0
VVYPWT,0,0,0,0,0,0,0,0,0,0,0,0,0.166666667,0,0,0,0.166666667,0.333333333,0.166666667,0.166666667
LKIPVA,0.166666667,0,0,0,0,0,0,0.166666667,0.166666667,0.166666667,0,0,0.166666667,0,0,0,0,0.166666667,0,0
KRVIQY,0,0,0,0,0,0,0,0.166666667,0.166666667,0,0,0,0,0.166666667,0.166666667,0,0,0.166666667,0,0.166666667
LDY,0,0,0.333333333,0,0,0,0,0,0,0.333333333,0,0,0,0,0,0,0,0,0,0.333333333
VYAP,0.25,0,0,0,0,0,0,0,0,0,0,0,0.25,0,0,0,0,0.25,0,0.25
FFGRCVSP,0,0.125,0,0,0.25,0.125,0,0,0,0,0,0,0.125,0,0.125,0.125,0,0.125,0,0
FGRCVSP,0,0.142857143,0,0,0.142857143,0.142857143,0,0,0,0,0,0,0.142857143,0,0.142857143,0.142857143,0,0.142857143,0,0
IVGRPRHQG,0,0,0,0,0,0.222222222,0.111111111,0.111111111,0,0,0,0,0.111111111,0.111111111,0.222222222,0,0,0.111111111,0,0
RADHPFL,0.142857143,0,0.142857143,0,0.142857143,0,0.142857143,0,0,0.142857143,0,0,0.142857143,0,0.142857143,0,0,0,0,0
IRA,0.333333333,0,0,0,0,0,0,0.333333333,0,0,0,0,0,0,0.333333333,0,0,0,0,0
LY,0,0,0,0,0,0,0,0,0,0.5,0,0,0,0,0,0,0,0,0,0.5
KLYMRP,0,0,0,0,0,0,0,0,0.166666667,0.166666667,0.166666667,0,0.166666667,0,0.166666667,0,0,0,0,0.166666667
AKF,0.333333333,0,0,0,0.333333333,0,0,0,0.333333333,0,0,0,0,0,0,0,0,0,0,0
AWW,0.333333333,0,0,0,0,0,0,0,0,0,0,0,0,0,0,0,0,0,0.666666667,0
AYFYPEL,0.142857143,0,0,0.142857143,0.142857143,0,0,0,0,0.142857143,0,0,0.142857143,0,0,0,0,0,0,0.285714286
AYFYPELF,0.125,0,0,0.125,0.25,0,0,0,0,0.125,0,0,0.125,0,0,0,0,0,0,0.25
VDF,0,0,0.333333333,0,0.333333333,0,0,0,0,0,0,0,0,0,0,0,0,0.333333333,0,0
LYP,0,0,0,0,0,0,0,0,0,0.333333333,0,0,0.333333333,0,0,0,0,0,0,0.333333333
GKMVKVVSWY,0,0,0,0,0,0.1,0,0,0.2,0,0.1,0,0,0,0,0.1,0,0.3,0.1,0.1
VAHINVGK,0.125,0,0,0,0,0.125,0.125,0.125,0.125,0,0,0.125,0,0,0,0,0,0.25,0,0
CVL,0,0.333333333,0,0,0,0,0,0,0,0.333333333,0,0,0,0,0,0,0,0.333333333,0,0
LW,0,0,0,0,0,0,0,0,0,0.5,0,0,0,0,0,0,0,0,0.5,0
FNF,0,0,0,0,0.666666667,0,0,0,0,0,0,0.333333333,0,0,0,0,0,0,0,0
FRC,0,0.333333333,0,0,0.333333333,0,0,0,0,0,0,0,0,0,0.333333333,0,0,0,0,0
MKY,0,0,0,0,0,0,0,0,0.333333333,0,0.333333333,0,0,0,0,0,0,0,0,0.333333333
FQKVVAG,0.142857143,0,0,0,0.142857143,0.142857143,0,0,0.142857143,0,0,0,0,0.142857143,0,0,0,0.285714286,0,0
IYPSFQPQPLIYP,0,0,0,0,0.076923077,0,0,0.153846154,0,0.076923077,0,0,0.307692308,0.153846154,0,0.076923077,0,0,0,0.153846154
PTHIKWG,0,0,0,0,0,0.142857143,0.142857143,0.142857143,0.142857143,0,0,0,0.142857143,0,0,0,0.142857143,0,0.142857143,0
YANPAVVRP,0.222222222,0,0,0,0,0,0,0,0,0,0,0.111111111,0.222222222,0,0.111111111,0,0,0.222222222,0,0.111111111
HERDPTHIKWGD,0,0,0.166666667,0.083333333,0,0.083333333,0.166666667,0.083333333,0.083333333,0,0,0,0.083333333,0,0.083333333,0,0.083333333,0,0.083333333,0
KKPTHIKWGD,0,0,0.1,0,0,0.1,0.1,0.1,0.3,0,0,0,0.1,0,0,0,0.1,0,0.1,0
SAPLRVY,0.142857143,0,0,0,0,0,0,0,0,0.142857143,0,0,0.142857143,0,0.142857143,0.142857143,0,0.142857143,0,0.142857143
AGTTCLFTPLALPYDYSH,0.111111111,0.055555556,0.055555556,0,0.055555556,0.055555556,0.055555556,0,0,0.166666667,0,0,0.111111111,0,0,0.055555556,0.166666667,0,0,0.111111111
SVY,0,0,0,0,0,0,0,0,0,0,0,0,0,0,0,0.333333333,0,0.333333333,0,0.333333333
YW,0,0,0,0,0,0,0,0,0,0,0,0,0,0,0,0,0,0,0.5,0.5
GPAGAP,0.333333333,0,0,0,0,0.333333333,0,0,0,0,0,0,0.333333333,0,0,0,0,0,0,0
IYPRY,0,0,0,0,0,0,0,0.2,0,0,0,0,0.2,0,0.2,0,0,0,0,0.4
LKA,0.333333333,0,0,0,0,0,0,0,0.333333333,0.333333333,0,0,0,0,0,0,0,0,0,0
KIYPSFQPQPLIYP,0,0,0,0,0.071428571,0,0,0.142857143,0.071428571,0.071428571,0,0,0.285714286,0.142857143,0,0.071428571,0,0,0,0.142857143
VSGAGRY,0.142857143,0,0,0,0,0.285714286,0,0,0,0,0,0,0,0,0.142857143,0.142857143,0,0.142857143,0,0.142857143
YINQMPQKSREA,0.083333333,0,0,0.083333333,0,0,0,0.083333333,0.083333333,0,0.083333333,0.083333333,0.083333333,0.166666667,0.083333333,0.083333333,0,0,0,0.083333333
MIPAY,0.2,0,0,0,0,0,0,0.2,0,0,0.2,0,0.2,0,0,0,0,0,0,0.2
VIIF,0,0,0,0,0.25,0,0,0.5,0,0,0,0,0,0,0,0,0,0.25,0,0
VQV,0,0,0,0,0,0,0,0,0,0,0,0,0,0.333333333,0,0,0,0.666666667,0,0
IPF,0,0,0,0,0.333333333,0,0,0.333333333,0,0,0,0,0.333333333,0,0,0,0,0,0,0
GLY,0,0,0,0,0,0.333333333,0,0,0,0.333333333,0,0,0,0,0,0,0,0,0,0.333333333
LHLWLP,0,0,0,0,0,0,0.166666667,0,0,0.5,0,0,0.166666667,0,0,0,0,0,0.166666667,0
VPP,0,0,0,0,0,0,0,0,0,0,0,0,0.666666667,0,0,0,0,0.333333333,0,0
VWDPPKFD,0,0,0.25,0,0.125,0,0,0,0.125,0,0,0,0.25,0,0,0,0,0.125,0.125,0
VIP,0,0,0,0,0,0,0,0.333333333,0,0,0,0,0.333333333,0,0,0,0,0.333333333,0,0
VWY,0,0,0,0,0,0,0,0,0,0,0,0,0,0,0,0,0,0.333333333,0.333333333,0.333333333
LLNPPHQIYP,0,0,0,0,0,0,0.1,0.1,0,0.2,0,0.1,0.3,0.1,0,0,0,0,0,0.1
LPP,0,0,0,0,0,0,0,0,0,0.333333333,0,0,0.666666667,0,0,0,0,0,0,0
MYY,0,0,0,0,0,0,0,0,0,0,0.333333333,0,0,0,0,0,0,0,0,0.666666667
DDTGHDFEDTGEAM,0.071428571,0,0.285714286,0.142857143,0.071428571,0.142857143,0.071428571,0,0,0,0.071428571,0,0,0,0,0,0.142857143,0,0,0
MLPAY,0.2,0,0,0,0,0,0,0,0,0.2,0.2,0,0.2,0,0,0,0,0,0,0.2
LKPMN,0,0,0,0,0,0,0,0,0.2,0.2,0.2,0.2,0.2,0,0,0,0,0,0,0
YALPHA,0.333333333,0,0,0,0,0,0.166666667,0,0,0.166666667,0,0,0.166666667,0,0,0,0,0,0,0.166666667
ALPHA,0.4,0,0,0,0,0,0.2,0,0,0.2,0,0,0.2,0,0,0,0,0,0,0
IYPR,0,0,0,0,0,0,0,0.25,0,0,0,0,0.25,0,0.25,0,0,0,0,0.25
LIYP,0,0,0,0,0,0,0,0.25,0,0.25,0,0,0.25,0,0,0,0,0,0,0.25
VSP,0,0,0,0,0,0,0,0,0,0,0,0,0.333333333,0,0,0.333333333,0,0.333333333,0,0
WL,0,0,0,0,0,0,0,0,0,0.5,0,0,0,0,0,0,0,0,0.5,0
WQVLPNAVPAK,0.181818182,0,0,0,0,0,0,0,0.090909091,0.090909091,0,0.090909091,0.181818182,0.090909091,0,0,0,0.181818182,0.090909091,0
FVP,0,0,0,0,0.333333333,0,0,0,0,0,0,0,0.333333333,0,0,0,0,0.333333333,0,0
LKY,0,0,0,0,0,0,0,0,0.333333333,0.333333333,0,0,0,0,0,0,0,0,0,0.333333333
PYKLRP,0,0,0,0,0,0,0,0,0.166666667,0.166666667,0,0,0.333333333,0,0.166666667,0,0,0,0,0.166666667
LHPGDAQR,0.125,0,0.125,0,0,0.125,0.125,0,0,0.125,0,0,0.125,0.125,0.125,0,0,0,0,0
GPPGTDGAP,0.111111111,0,0.111111111,0,0,0.333333333,0,0,0,0,0,0,0.333333333,0,0,0,0.111111111,0,0,0
RY,0,0,0,0,0,0,0,0,0,0,0,0,0,0,0.5,0,0,0,0,0.5
LPF,0,0,0,0,0.333333333,0,0,0,0,0.333333333,0,0,0.333333333,0,0,0,0,0,0,0
FEDYVPLSCF,0,0.1,0.1,0.1,0.2,0,0,0,0,0.1,0,0,0.1,0,0,0.1,0,0.1,0,0.1
FCF,0,0.333333333,0,0,0.666666667,0,0,0,0,0,0,0,0,0,0,0,0,0,0,0
INYWL,0,0,0,0,0,0,0,0.2,0,0.2,0,0.2,0,0,0,0,0,0,0.2,0.2
KALPMHIRLAF,0.181818182,0,0,0,0.090909091,0,0.090909091,0.090909091,0.090909091,0.181818182,0.090909091,0,0.090909091,0,0.090909091,0,0,0,0,0
LKVGVKQY,0,0,0,0,0,0.125,0,0,0.25,0.125,0,0,0,0.125,0,0,0,0.25,0,0.125
YQKFPQYLQY,0,0,0,0,0.1,0,0,0,0.1,0.1,0,0,0.1,0.3,0,0,0,0,0,0.3
GDLGKTTTVSNWSPPKYKDTP,0,0,0.095238095,0,0,0.095238095,0,0,0.142857143,0.047619048,0,0.047619048,0.142857143,0,0,0.095238095,0.19047619,0.047619048,0.047619048,0.047619048
GPPGPP,0,0,0,0,0,0.333333333,0,0,0,0,0,0,0.666666667,0,0,0,0,0,0,0
LVVYPWTQ,0,0,0,0,0,0,0,0,0,0.125,0,0,0.125,0.125,0,0,0.125,0.25,0.125,0.125
PTHIKW,0,0,0,0,0,0,0.166666667,0.166666667,0.166666667,0,0,0,0.166666667,0,0,0,0.166666667,0,0.166666667,0
DAQSAPLRVY,0.2,0,0.1,0,0,0,0,0,0,0.1,0,0,0.1,0.1,0.1,0.1,0,0.1,0,0.1
LVL,0,0,0,0,0,0,0,0,0,0.666666667,0,0,0,0,0,0,0,0.333333333,0,0
FCVLRP,0,0.166666667,0,0,0.166666667,0,0,0,0,0.166666667,0,0,0.166666667,0,0.166666667,0,0,0.166666667,0,0
KPVAAP,0.333333333,0,0,0,0,0,0,0,0.166666667,0,0,0,0.333333333,0,0,0,0,0.166666667,0,0
VK,0,0,0,0,0,0,0,0,0.5,0,0,0,0,0,0,0,0,0.5,0,0
DW,0,0,0.5,0,0,0,0,0,0,0,0,0,0,0,0,0,0,0,0.5,0
KY,0,0,0,0,0,0,0,0,0.5,0,0,0,0,0,0,0,0,0,0,0.5
PTHIDW,0,0,0.166666667,0,0,0,0.166666667,0.166666667,0,0,0,0,0.166666667,0,0,0,0.166666667,0,0.166666667,0
VAA,0.666666667,0,0,0,0,0,0,0,0,0,0,0,0,0,0,0,0,0.333333333,0,0
PYKW,0,0,0,0,0,0,0,0,0.25,0,0,0,0.25,0,0,0,0,0,0.25,0.25
VDSDVVKG,0,0,0.25,0,0,0.125,0,0,0.125,0,0,0,0,0,0,0.125,0,0.375,0,0
YKW,0,0,0,0,0,0,0,0,0.333333333,0,0,0,0,0,0,0,0,0,0.333333333,0.333333333
KLPAGTLF,0.125,0,0,0,0.125,0.125,0,0,0.125,0.25,0,0,0.125,0,0,0,0.125,0,0,0
VTPALR,0.166666667,0,0,0,0,0,0,0,0,0.166666667,0,0,0.166666667,0,0.166666667,0,0.166666667,0.166666667,0,0
IFY,0,0,0,0,0.333333333,0,0,0.333333333,0,0,0,0,0,0,0,0,0,0,0,0.333333333
FPQYLQY,0,0,0,0,0.142857143,0,0,0,0,0.142857143,0,0,0.142857143,0.285714286,0,0,0,0,0,0.285714286
IVGRRRHQG,0,0,0,0,0,0.222222222,0.111111111,0.111111111,0,0,0,0,0,0.111111111,0.333333333,0,0,0.111111111,0,0
IVR,0,0,0,0,0,0,0,0.333333333,0,0,0,0,0,0,0.333333333,0,0,0.333333333,0,0
LVR,0,0,0,0,0,0,0,0,0,0.333333333,0,0,0,0,0.333333333,0,0,0.333333333,0,0
YLAGNQ,0.166666667,0,0,0,0,0.166666667,0,0,0,0.166666667,0,0.166666667,0,0.166666667,0,0,0,0,0,0.166666667
YQNPRLGPTGELDPATQPIVAVHNPVIV,0.071428571,0,0.035714286,0.035714286,0,0.071428571,0.035714286,0.071428571,0,0.071428571,0,0.071428571,0.178571429,0.071428571,0.035714286,0,0.071428571,0.142857143,0,0.035714286
FGASTRGA,0.25,0,0,0,0.125,0.25,0,0,0,0,0,0,0,0,0.125,0.125,0.125,0,0,0
VIY,0,0,0,0,0,0,0,0.333333333,0,0,0,0,0,0,0,0,0,0.333333333,0,0.333333333
AVPYPQR,0.142857143,0,0,0,0,0,0,0,0,0,0,0,0.285714286,0.142857143,0.142857143,0,0,0.142857143,0,0.142857143
NIFYCP,0,0.166666667,0,0,0.166666667,0,0,0.166666667,0,0,0,0.166666667,0.166666667,0,0,0,0,0,0,0.166666667
NLHLPLPLL,0,0,0,0,0,0,0.111111111,0,0,0.555555556,0,0.111111111,0.222222222,0,0,0,0,0,0,0
TVY,0,0,0,0,0,0,0,0,0,0,0,0,0,0,0,0,0.333333333,0.333333333,0,0.333333333
YPFPGPIPN,0,0,0,0,0.111111111,0.111111111,0,0.111111111,0,0,0,0.111111111,0.444444444,0,0,0,0,0,0,0.111111111
IAK,0.333333333,0,0,0,0,0,0,0.333333333,0.333333333,0,0,0,0,0,0,0,0,0,0,0
PSY,0,0,0,0,0,0,0,0,0,0,0,0,0.333333333,0,0,0.333333333,0,0,0,0.333333333
VAY,0.333333333,0,0,0,0,0,0,0,0,0,0,0,0,0,0,0,0,0.333333333,0,0.333333333
YGGVSLPEW,0,0,0,0.111111111,0,0.222222222,0,0,0,0.111111111,0,0,0.111111111,0,0,0.111111111,0,0.111111111,0.111111111,0.111111111
YLYEIAR,0.142857143,0,0,0.142857143,0,0,0,0.142857143,0,0.142857143,0,0,0,0,0.142857143,0,0,0,0,0.285714286
APGAPGPVG,0.222222222,0,0,0,0,0.333333333,0,0,0,0,0,0,0.333333333,0,0,0,0,0.111111111,0,0
MAW,0.333333333,0,0,0,0,0,0,0,0,0,0.333333333,0,0,0,0,0,0,0,0.333333333,0
YKLRP,0,0,0,0,0,0,0,0,0.2,0.2,0,0,0.2,0,0.2,0,0,0,0,0.2
YPR,0,0,0,0,0,0,0,0,0,0,0,0,0.333333333,0,0.333333333,0,0,0,0,0.333333333
YKWLP,0,0,0,0,0,0,0,0,0.2,0.2,0,0,0.2,0,0,0,0,0,0.2,0.2
YPRY,0,0,0,0,0,0,0,0,0,0,0,0,0.25,0,0.25,0,0,0,0,0.5
LIPPGVPY,0,0,0,0,0,0.125,0,0.125,0,0.125,0,0,0.375,0,0,0,0,0.125,0,0.125
MPF,0,0,0,0,0.333333333,0,0,0,0,0,0.333333333,0,0.333333333,0,0,0,0,0,0,0
PAVVRP,0.166666667,0,0,0,0,0,0,0,0,0,0,0,0.333333333,0,0.166666667,0,0,0.333333333,0,0
AFVGYVLP,0.125,0,0,0,0.125,0.125,0,0,0,0.125,0,0,0.125,0,0,0,0,0.25,0,0.125
FYN,0,0,0,0,0.333333333,0,0,0,0,0,0,0.333333333,0,0,0,0,0,0,0,0.333333333
TQVY,0,0,0,0,0,0,0,0,0,0,0,0,0,0.25,0,0,0.25,0.25,0,0.25
AWPF,0.25,0,0,0,0.25,0,0,0,0,0,0,0,0.25,0,0,0,0,0,0.25,0
FWN,0,0,0,0,0.333333333,0,0,0,0,0,0,0.333333333,0,0,0,0,0,0,0.333333333,0
LHLYLP,0,0,0,0,0,0,0.166666667,0,0,0.5,0,0,0.166666667,0,0,0,0,0,0,0.166666667
IHPFAQTQSLVYP,0.076923077,0,0,0,0.076923077,0,0.076923077,0.076923077,0,0.076923077,0,0,0.153846154,0.153846154,0,0.076923077,0.076923077,0.076923077,0,0.076923077
PVGLVQPASATLYDY,0.133333333,0,0.066666667,0,0,0.066666667,0,0,0,0.133333333,0,0,0.133333333,0.066666667,0,0.066666667,0.066666667,0.133333333,0,0.133333333
STHGVW,0,0,0,0,0,0.166666667,0.166666667,0,0,0,0,0,0,0,0,0.166666667,0.166666667,0.166666667,0.166666667,0
KAAAAP,0.666666667,0,0,0,0,0,0,0,0.166666667,0,0,0,0.166666667,0,0,0,0,0,0,0
FCVL,0,0.25,0,0,0.25,0,0,0,0,0.25,0,0,0,0,0,0,0,0.25,0,0
AKYCY,0.2,0.2,0,0,0,0,0,0,0.2,0,0,0,0,0,0,0,0,0,0,0.4
RVPSL,0,0,0,0,0,0,0,0,0,0.2,0,0,0.2,0,0.2,0.2,0,0.2,0,0
YQKFPQY,0,0,0,0,0.142857143,0,0,0,0.142857143,0,0,0,0.142857143,0.285714286,0,0,0,0,0,0.285714286
LVPFGW,0,0,0,0,0.166666667,0.166666667,0,0,0,0.166666667,0,0,0.166666667,0,0,0,0,0.166666667,0.166666667,0
KVLILA,0.166666667,0,0,0,0,0,0,0.166666667,0.166666667,0.333333333,0,0,0,0,0,0,0,0.166666667,0,0
LLYQQPVLGPVRGPFPIIV,0,0,0,0,0.052631579,0.105263158,0,0.105263158,0,0.157894737,0,0,0.210526316,0.105263158,0.052631579,0,0,0.157894737,0,0.052631579
PADIKWGD,0.125,0,0.25,0,0,0.125,0,0.125,0.125,0,0,0,0.125,0,0,0,0,0,0.125,0
VPPLYPN,0,0,0,0,0,0,0,0,0,0.142857143,0,0.142857143,0.428571429,0,0,0,0,0.142857143,0,0.142857143
VSRHFASYAN,0.2,0,0,0,0.1,0,0.1,0,0,0,0,0.1,0,0,0.1,0.2,0,0.1,0,0.1
YNKL,0,0,0,0,0,0,0,0,0.25,0.25,0,0.25,0,0,0,0,0,0,0,0.25
WPEAAELMMEVDP,0.153846154,0,0.076923077,0.230769231,0,0,0,0,0,0.076923077,0.153846154,0,0.153846154,0,0,0,0,0.076923077,0.076923077,0
KP,0,0,0,0,0,0,0,0,0.5,0,0,0,0.5,0,0,0,0,0,0,0
PPHQIYP,0,0,0,0,0,0,0.142857143,0.142857143,0,0,0,0,0.428571429,0.142857143,0,0,0,0,0,0.142857143
VVY,0,0,0,0,0,0,0,0,0,0,0,0,0,0,0,0,0,0.666666667,0,0.333333333
VY,0,0,0,0,0,0,0,0,0,0,0,0,0,0,0,0,0,0.5,0,0.5
YKVPQL,0,0,0,0,0,0,0,0,0.166666667,0.166666667,0,0,0.166666667,0.166666667,0,0,0,0.166666667,0,0.166666667
CWLPVY,0,0.166666667,0,0,0,0,0,0,0,0.166666667,0,0,0.166666667,0,0,0,0,0.166666667,0.166666667,0.166666667
MIFPGGPQL,0,0,0,0,0.111111111,0.222222222,0,0.111111111,0,0.111111111,0.111111111,0,0.222222222,0.111111111,0,0,0,0,0,0
VTGRFAGHPAAQ,0.25,0,0,0,0.083333333,0.166666667,0.083333333,0,0,0,0,0,0.083333333,0.083333333,0.083333333,0,0.083333333,0.083333333,0,0
QVSLNSGYY,0,0,0,0,0,0.111111111,0,0,0,0.111111111,0,0.111111111,0,0.111111111,0,0.222222222,0,0.111111111,0,0.222222222
WPERPPQIP,0,0,0,0.111111111,0,0,0,0.111111111,0,0,0,0,0.444444444,0.111111111,0.111111111,0,0,0,0.111111111,0
VSW,0,0,0,0,0,0,0,0,0,0,0,0,0,0,0,0.333333333,0,0.333333333,0.333333333,0
YPK,0,0,0,0,0,0,0,0,0.333333333,0,0,0,0.333333333,0,0,0,0,0,0,0.333333333
MKG,0,0,0,0,0,0.333333333,0,0,0.333333333,0,0.333333333,0,0,0,0,0,0,0,0,0
VRYL,0,0,0,0,0,0,0,0,0,0.25,0,0,0,0,0.25,0,0,0.25,0,0.25
YPLDLF,0,0,0.166666667,0,0.166666667,0,0,0,0,0.333333333,0,0,0.166666667,0,0,0,0,0,0,0.166666667
MLLCS,0,0.2,0,0,0,0,0,0,0,0.4,0.2,0,0,0,0,0.2,0,0,0,0
YYPQIMQY,0,0,0,0,0,0,0,0.125,0,0,0.125,0,0.125,0.25,0,0,0,0,0,0.375
ANPAVVRP,0.25,0,0,0,0,0,0,0,0,0,0,0.125,0.25,0,0.125,0,0,0.25,0,0
FAQTQSLVYP,0.1,0,0,0,0.1,0,0,0,0,0.1,0,0,0.1,0.2,0,0.1,0.1,0.1,0,0.1
FY,0,0,0,0,0.5,0,0,0,0,0,0,0,0,0,0,0,0,0,0,0.5
FYQQ,0,0,0,0,0.25,0,0,0,0,0,0,0,0,0.5,0,0,0,0,0,0.25
LNPPHQIYP,0,0,0,0,0,0,0.111111111,0.111111111,0,0.111111111,0,0.111111111,0.333333333,0.111111111,0,0,0,0,0,0.111111111
DKVGINYW,0,0,0.125,0,0,0.125,0,0.125,0.125,0,0,0.125,0,0,0,0,0,0.125,0.125,0.125
KAAAATP,0.571428571,0,0,0,0,0,0,0,0.142857143,0,0,0,0.142857143,0,0,0,0.142857143,0,0,0
WVPSVY,0,0,0,0,0,0,0,0,0,0,0,0,0.166666667,0,0,0.166666667,0,0.333333333,0.166666667,0.166666667
HPFAQTQSLVYP,0.083333333,0,0,0,0.083333333,0,0.083333333,0,0,0.083333333,0,0,0.166666667,0.166666667,0,0.083333333,0.083333333,0.083333333,0,0.083333333
KRQKYDI,0,0,0.142857143,0,0,0,0,0.142857143,0.285714286,0,0,0,0,0.142857143,0.142857143,0,0,0,0,0.142857143
KDYRL,0,0,0.2,0,0,0,0,0,0.2,0.2,0,0,0,0,0.2,0,0,0,0,0.2
MIFPGAGGPEL,0.090909091,0,0,0.090909091,0.090909091,0.272727273,0,0.090909091,0,0.090909091,0.090909091,0,0.181818182,0,0,0,0,0,0,0
LKYPI,0,0,0,0,0,0,0,0.2,0.2,0.2,0,0,0.2,0,0,0,0,0,0,0.2
GYALPHA,0.285714286,0,0,0,0,0.142857143,0.142857143,0,0,0.142857143,0,0,0.142857143,0,0,0,0,0,0,0.142857143
YTAGV,0.2,0,0,0,0,0.2,0,0,0,0,0,0,0,0,0,0,0.2,0.2,0,0.2
LVYPFTGPIPN,0,0,0,0,0.090909091,0.090909091,0,0.090909091,0,0.090909091,0,0.090909091,0.272727273,0,0,0,0.090909091,0.090909091,0,0.090909091
KF,0,0,0,0,0.5,0,0,0,0.5,0,0,0,0,0,0,0,0,0,0,0
RIY,0,0,0,0,0,0,0,0.333333333,0,0,0,0,0,0,0.333333333,0,0,0,0,0.333333333
VKKVLGNP,0,0,0,0,0,0.125,0,0,0.25,0.125,0,0.125,0.125,0,0,0,0,0.25,0,0
LPYPY,0,0,0,0,0,0,0,0,0,0.2,0,0,0.4,0,0,0,0,0,0,0.4
VMP,0,0,0,0,0,0,0,0,0,0,0.333333333,0,0.333333333,0,0,0,0,0.333333333,0,0
GAPGLPGP,0.125,0,0,0,0,0.375,0,0,0,0.125,0,0,0.375,0,0,0,0,0,0,0
VECYGPNRPQF,0,0.090909091,0,0.090909091,0.090909091,0.090909091,0,0,0,0,0,0.090909091,0.181818182,0.090909091,0.090909091,0,0,0.090909091,0,0.090909091
KVGTKCCAKP,0.1,0.2,0,0,0,0.1,0,0,0.3,0,0,0,0.1,0,0,0,0.1,0.1,0,0
KVLAGM,0.166666667,0,0,0,0,0.166666667,0,0,0.166666667,0.166666667,0.166666667,0,0,0,0,0,0,0.166666667,0,0
PHQIYP,0,0,0,0,0,0,0.166666667,0.166666667,0,0,0,0,0.333333333,0.166666667,0,0,0,0,0,0.166666667
VWIS,0,0,0,0,0,0,0,0.25,0,0,0,0,0,0,0,0.25,0,0.25,0.25,0
TVGMTAKF,0.125,0,0,0,0.125,0.125,0,0,0.125,0,0.125,0,0,0,0,0,0.25,0.125,0,0
KLKFV,0,0,0,0,0.2,0,0,0,0.4,0.2,0,0,0,0,0,0,0,0.2,0,0
DPYKLRP,0,0,0.142857143,0,0,0,0,0,0.142857143,0.142857143,0,0,0.285714286,0,0.142857143,0,0,0,0,0.142857143
VLY,0,0,0,0,0,0,0,0,0,0.333333333,0,0,0,0,0,0,0,0.333333333,0,0.333333333
IITNW,0,0,0,0,0,0,0,0.4,0,0,0,0.2,0,0,0,0,0.2,0,0.2,0
IRPV,0,0,0,0,0,0,0,0.25,0,0,0,0,0.25,0,0.25,0,0,0.25,0,0
PANIKWGD,0.125,0,0.125,0,0,0.125,0,0.125,0.125,0,0,0.125,0.125,0,0,0,0,0,0.125,0
KA,0.5,0,0,0,0,0,0,0,0.5,0,0,0,0,0,0,0,0,0,0,0
VAWKL,0.2,0,0,0,0,0,0,0,0.2,0.2,0,0,0,0,0,0,0,0.2,0.2,0
GFYPPP,0,0,0,0,0.166666667,0.166666667,0,0,0,0,0,0,0.5,0,0,0,0,0,0,0.166666667
VLAQYK,0.166666667,0,0,0,0,0,0,0,0.166666667,0.166666667,0,0,0,0.166666667,0,0,0,0.166666667,0,0.166666667
NY,0,0,0,0,0,0,0,0,0,0,0,0.5,0,0,0,0,0,0,0,0.5
IKPVQ,0,0,0,0,0,0,0,0.2,0.2,0,0,0,0.2,0.2,0,0,0,0.2,0,0
IKY,0,0,0,0,0,0,0,0.333333333,0.333333333,0,0,0,0,0,0,0,0,0,0,0.333333333
VKCFR,0,0.2,0,0,0.2,0,0,0,0.2,0,0,0,0,0,0.2,0,0,0.2,0,0
AYIASKGL,0.25,0,0,0,0,0.125,0,0.125,0.125,0.125,0,0,0,0,0,0.125,0,0,0,0.125
CVTPALR,0.142857143,0.142857143,0,0,0,0,0,0,0,0.142857143,0,0,0.142857143,0,0.142857143,0,0.142857143,0.142857143,0,0
VVF,0,0,0,0,0.333333333,0,0,0,0,0,0,0,0,0,0,0,0,0.666666667,0,0
NCW,0,0.333333333,0,0,0,0,0,0,0,0,0,0.333333333,0,0,0,0,0,0,0.333333333,0
LLMLDNDLPP,0,0,0.2,0,0,0,0,0,0,0.4,0.1,0.1,0.2,0,0,0,0,0,0,0
PLW,0,0,0,0,0,0,0,0,0,0.333333333,0,0,0.333333333,0,0,0,0,0,0.333333333,0
VLPYP,0,0,0,0,0,0,0,0,0,0.2,0,0,0.4,0,0,0,0,0.2,0,0.2
AW,0.5,0,0,0,0,0,0,0,0,0,0,0,0,0,0,0,0,0,0.5,0
VLSRYP,0,0,0,0,0,0,0,0,0,0.166666667,0,0,0.166666667,0,0.166666667,0.166666667,0,0.166666667,0,0.166666667
FFL,0,0,0,0,0.666666667,0,0,0,0,0.333333333,0,0,0,0,0,0,0,0,0,0
GPAGAPGAA,0.444444444,0,0,0,0,0.333333333,0,0,0,0,0,0,0.222222222,0,0,0,0,0,0,0
NPPHQIYP,0,0,0,0,0,0,0.125,0.125,0,0,0,0.125,0.375,0.125,0,0,0,0,0,0.125
PTHIKWD,0,0,0.142857143,0,0,0,0.142857143,0.142857143,0.142857143,0,0,0,0.142857143,0,0,0,0.142857143,0,0.142857143,0
TVYTKGRVMP,0,0,0,0,0,0.1,0,0,0.1,0,0.1,0,0.1,0,0.1,0,0.2,0.2,0,0.1
PTHIKWN,0,0,0,0,0,0,0.142857143,0.142857143,0.142857143,0,0,0.142857143,0.142857143,0,0,0,0.142857143,0,0.142857143,0
WY,0,0,0,0,0,0,0,0,0,0,0,0,0,0,0,0,0,0,0.5,0.5
VMDKPQG,0,0,0.142857143,0,0,0.142857143,0,0,0.142857143,0,0.142857143,0,0.142857143,0.142857143,0,0,0,0.142857143,0,0
KIHPFAQTQSLVYP,0.071428571,0,0,0,0.071428571,0,0.071428571,0.071428571,0.071428571,0.071428571,0,0,0.142857143,0.142857143,0,0.071428571,0.071428571,0.071428571,0,0.071428571
SLVYP,0,0,0,0,0,0,0,0,0,0.2,0,0,0.2,0,0,0.2,0,0.2,0,0.2
HLPLP,0,0,0,0,0,0,0.2,0,0,0.4,0,0,0.4,0,0,0,0,0,0,0
NNVMLQW,0,0,0,0,0,0,0,0,0,0.142857143,0.142857143,0.285714286,0,0.142857143,0,0,0,0.142857143,0.142857143,0
QSLVYP,0,0,0,0,0,0,0,0,0,0.166666667,0,0,0.166666667,0.166666667,0,0.166666667,0,0.166666667,0,0.166666667
SPRCR,0,0.2,0,0,0,0,0,0,0,0,0,0,0.2,0,0.4,0.2,0,0,0,0
YLGY,0,0,0,0,0,0.25,0,0,0,0.25,0,0,0,0,0,0,0,0,0,0.5
IYLL,0,0,0,0,0,0,0,0.25,0,0.5,0,0,0,0,0,0,0,0,0,0.25
ALPMHIR,0.142857143,0,0,0,0,0,0.142857143,0.142857143,0,0.142857143,0.142857143,0,0.142857143,0,0.142857143,0,0,0,0,0
IKPLDY,0,0,0.166666667,0,0,0,0,0.166666667,0.166666667,0.166666667,0,0,0.166666667,0,0,0,0,0,0,0.166666667
IKPLNY,0,0,0,0,0,0,0,0.166666667,0.166666667,0.166666667,0,0.166666667,0.166666667,0,0,0,0,0,0,0.166666667
IPALLKR,0.142857143,0,0,0,0,0,0,0.142857143,0.142857143,0.285714286,0,0,0.142857143,0,0.142857143,0,0,0,0,0
YKY,0,0,0,0,0,0,0,0,0.333333333,0,0,0,0,0,0,0,0,0,0,0.666666667
KWL,0,0,0,0,0,0,0,0,0.333333333,0.333333333,0,0,0,0,0,0,0,0,0.333333333,0
YH,0,0,0,0,0,0,0.5,0,0,0,0,0,0,0,0,0,0,0,0,0.5
YVVFK,0,0,0,0,0.2,0,0,0,0.2,0,0,0,0,0,0,0,0,0.4,0,0.2
DFY,0,0,0.333333333,0,0.333333333,0,0,0,0,0,0,0,0,0,0,0,0,0,0,0.333333333
IFL,0,0,0,0,0.333333333,0,0,0.333333333,0,0.333333333,0,0,0,0,0,0,0,0,0,0
KFY,0,0,0,0,0.333333333,0,0,0,0.333333333,0,0,0,0,0,0,0,0,0,0,0.333333333
GAPGPAGPGGIPGERG,0.125,0,0,0.0625,0,0.4375,0,0.0625,0,0,0,0,0.25,0,0.0625,0,0,0,0,0
GMKCAF,0.166666667,0.166666667,0,0,0.166666667,0.166666667,0,0,0.166666667,0,0.166666667,0,0,0,0,0,0,0,0,0
WHHTF,0,0,0,0,0.2,0,0.4,0,0,0,0,0,0,0,0,0,0.2,0,0.2,0
KAPVA,0.4,0,0,0,0,0,0,0,0.2,0,0,0,0.2,0,0,0,0,0.2,0,0
YKWL,0,0,0,0,0,0,0,0,0.25,0.25,0,0,0,0,0,0,0,0,0.25,0.25
YYAKPAAVR,0.333333333,0,0,0,0,0,0,0,0.111111111,0,0,0,0.111111111,0,0.111111111,0,0,0.111111111,0,0.222222222
HIKWGD,0,0,0.166666667,0,0,0.166666667,0.166666667,0.166666667,0.166666667,0,0,0,0,0,0,0,0,0,0.166666667,0
THIKWGD,0,0,0.142857143,0,0,0.142857143,0.142857143,0.142857143,0.142857143,0,0,0,0,0,0,0,0.142857143,0,0.142857143,0
NLHLPLP,0,0,0,0,0,0,0.142857143,0,0,0.428571429,0,0.142857143,0.285714286,0,0,0,0,0,0,0
YN,0,0,0,0,0,0,0,0,0,0,0,0.5,0,0,0,0,0,0,0,0.5
YPLDL,0,0,0.2,0,0,0,0,0,0,0.4,0,0,0.2,0,0,0,0,0,0,0.2
MGP,0,0,0,0,0,0.333333333,0,0,0,0,0.333333333,0,0.333333333,0,0,0,0,0,0,0
IGSENSEKTTMP,0,0,0,0.166666667,0,0.083333333,0,0.083333333,0.083333333,0,0.083333333,0.083333333,0.083333333,0,0,0.166666667,0.166666667,0,0,0
AA,1,0,0,0,0,0,0,0,0,0,0,0,0,0,0,0,0,0,0,0
TGLKP,0,0,0,0,0,0.2,0,0,0.2,0.2,0,0,0.2,0,0,0,0.2,0,0,0
AH,0.5,0,0,0,0,0,0.5,0,0,0,0,0,0,0,0,0,0,0,0,0
RLPSEFDLSAFLRA,0.142857143,0,0.071428571,0.071428571,0.142857143,0,0,0,0,0.214285714,0,0,0.071428571,0,0.142857143,0.142857143,0,0,0,0
GQY,0,0,0,0,0,0.333333333,0,0,0,0,0,0,0,0.333333333,0,0,0,0,0,0.333333333
GIL,0,0,0,0,0,0.333333333,0,0.333333333,0,0.333333333,0,0,0,0,0,0,0,0,0,0
LASPTM,0.166666667,0,0,0,0,0,0,0,0,0.166666667,0.166666667,0,0.166666667,0,0,0.166666667,0.166666667,0,0,0
IL,0,0,0,0,0,0,0,0.5,0,0.5,0,0,0,0,0,0,0,0,0,0
NENLLRFFVAPFPEVFG,0.058823529,0,0,0.117647059,0.235294118,0.058823529,0,0,0,0.117647059,0,0.117647059,0.117647059,0,0.058823529,0,0,0.117647059,0,0
PRHQG,0,0,0,0,0,0.2,0.2,0,0,0,0,0,0.2,0.2,0.2,0,0,0,0,0
WYSLAM,0.166666667,0,0,0,0,0,0,0,0,0.166666667,0.166666667,0,0,0,0,0.166666667,0,0,0.166666667,0.166666667
LLP,0,0,0,0,0,0,0,0,0,0.666666667,0,0,0.333333333,0,0,0,0,0,0,0
VSLPEW,0,0,0,0.166666667,0,0,0,0,0,0.166666667,0,0,0.166666667,0,0,0.166666667,0,0.166666667,0.166666667,0
AEL,0.333333333,0,0,0.333333333,0,0,0,0,0,0.333333333,0,0,0,0,0,0,0,0,0,0
AQL,0.333333333,0,0,0,0,0,0,0,0,0.333333333,0,0,0,0.333333333,0,0,0,0,0,0
HLL,0,0,0,0,0,0,0.333333333,0,0,0.666666667,0,0,0,0,0,0,0,0,0,0
VKK,0,0,0,0,0,0,0,0,0.666666667,0,0,0,0,0,0,0,0,0.333333333,0,0
WYSLAMA,0.285714286,0,0,0,0,0,0,0,0,0.142857143,0.142857143,0,0,0,0,0.142857143,0,0,0.142857143,0.142857143
HQAAGW,0.333333333,0,0,0,0,0.166666667,0.166666667,0,0,0,0,0,0,0.166666667,0,0,0,0,0.166666667,0
NMAINPSK,0.125,0,0,0,0,0,0,0.125,0.125,0,0.125,0.25,0.125,0,0,0.125,0,0,0,0
RPP,0,0,0,0,0,0,0,0,0,0,0,0,0.666666667,0,0.333333333,0,0,0,0,0
GLPGSRGERGLPG,0,0,0,0.076923077,0,0.384615385,0,0,0,0.153846154,0,0,0.153846154,0,0.153846154,0.076923077,0,0,0,0
RS,0,0,0,0,0,0,0,0,0,0,0,0,0,0,0.5,0.5,0,0,0,0
TNW,0,0,0,0,0,0,0,0,0,0,0,0.333333333,0,0,0,0,0.333333333,0,0.333333333,0
GPCSR,0,0.2,0,0,0,0.2,0,0,0,0,0,0,0.2,0,0.2,0.2,0,0,0,0
GTEKC,0,0.2,0,0.2,0,0.2,0,0,0.2,0,0,0,0,0,0,0,0.2,0,0,0
RGY,0,0,0,0,0,0.333333333,0,0,0,0,0,0,0,0,0.333333333,0,0,0,0,0.333333333
AHEPVK,0.166666667,0,0,0.166666667,0,0,0.166666667,0,0.166666667,0,0,0,0.166666667,0,0,0,0,0.166666667,0,0
IGDEPLANYL,0.1,0,0.1,0.1,0,0.1,0,0.1,0,0.2,0,0.1,0.1,0,0,0,0,0,0,0.1
IIAEK,0.2,0,0,0.2,0,0,0,0.4,0.2,0,0,0,0,0,0,0,0,0,0,0
AFL,0.333333333,0,0,0,0.333333333,0,0,0,0,0.333333333,0,0,0,0,0,0,0,0,0,0
FKR,0,0,0,0,0.333333333,0,0,0,0.333333333,0,0,0,0,0,0.333333333,0,0,0,0,0
SWVE,0,0,0,0.25,0,0,0,0,0,0,0,0,0,0,0,0.25,0,0.25,0.25,0
GLTSK,0,0,0,0,0,0.2,0,0,0.2,0.2,0,0,0,0,0,0.2,0.2,0,0,0
GKEIIVKAER,0.1,0,0,0.2,0,0.1,0,0.2,0.2,0,0,0,0,0,0.1,0,0,0.1,0,0
MNP,0,0,0,0,0,0,0,0,0,0,0.333333333,0.333333333,0.333333333,0,0,0,0,0,0,0
AVV,0.333333333,0,0,0,0,0,0,0,0,0,0,0,0,0,0,0,0,0.666666667,0,0
KPGRP,0,0,0,0,0,0.2,0,0,0.2,0,0,0,0.4,0,0.2,0,0,0,0,0
AQQLAAQLPAMCR,0.307692308,0.076923077,0,0,0,0,0,0,0,0.153846154,0.076923077,0,0.076923077,0.230769231,0.076923077,0,0,0,0,0
LAIPVNKP,0.125,0,0,0,0,0,0,0.125,0.125,0.125,0,0.125,0.25,0,0,0,0,0.125,0,0
TNGIIR,0,0,0,0,0,0.166666667,0,0.333333333,0,0,0,0.166666667,0,0,0.166666667,0,0.166666667,0,0,0
IDALNENK,0.125,0,0.125,0.125,0,0,0,0.125,0.125,0.125,0,0.25,0,0,0,0,0,0,0,0
GVHHA,0.2,0,0,0,0,0.2,0.4,0,0,0,0,0,0,0,0,0,0,0.2,0,0
IETWNPNNQ,0,0,0,0.111111111,0,0,0,0.111111111,0,0,0,0.333333333,0.111111111,0.111111111,0,0,0.111111111,0,0.111111111,0
IELPLG,0,0,0,0.166666667,0,0.166666667,0,0.166666667,0,0.333333333,0,0,0.166666667,0,0,0,0,0,0,0
PSFQP,0,0,0,0,0.2,0,0,0,0,0,0,0,0.4,0.2,0,0.2,0,0,0,0
QTQSLVYP,0,0,0,0,0,0,0,0,0,0.125,0,0,0.125,0.25,0,0.125,0.125,0.125,0,0.125
TPTQQS,0,0,0,0,0,0,0,0,0,0,0,0,0.166666667,0.333333333,0,0.166666667,0.333333333,0,0,0
AVVRP,0.2,0,0,0,0,0,0,0,0,0,0,0,0.2,0,0.2,0,0,0.4,0,0
SKVPP,0,0,0,0,0,0,0,0,0.2,0,0,0,0.4,0,0,0.2,0,0.2,0,0
QIGLF,0,0,0,0,0.2,0.2,0,0.2,0,0.2,0,0,0,0.2,0,0,0,0,0,0
QLLLQQ,0,0,0,0,0,0,0,0,0,0.5,0,0,0,0.5,0,0,0,0,0,0
MCESASSK,0.125,0.125,0,0.125,0,0,0,0,0.125,0,0.125,0,0,0,0,0.375,0,0,0,0
VYAPFE,0.166666667,0,0,0.166666667,0.166666667,0,0,0,0,0,0,0,0.166666667,0,0,0,0,0.166666667,0,0.166666667
AQTQSLVYP,0.111111111,0,0,0,0,0,0,0,0,0.111111111,0,0,0.111111111,0.222222222,0,0.111111111,0.111111111,0.111111111,0,0.111111111
SWSF,0,0,0,0,0.25,0,0,0,0,0,0,0,0,0,0,0.5,0,0,0.25,0
FFVAPFPEVFGK,0.083333333,0,0,0.083333333,0.333333333,0.083333333,0,0,0.083333333,0,0,0,0.166666667,0,0,0,0,0.166666667,0,0
WLAHK,0.2,0,0,0,0,0,0.2,0,0.2,0.2,0,0,0,0,0,0,0,0,0.2,0
SGP,0,0,0,0,0,0.333333333,0,0,0,0,0,0,0.333333333,0,0,0.333333333,0,0,0,0
TGP,0,0,0,0,0,0.333333333,0,0,0,0,0,0,0.333333333,0,0,0,0.333333333,0,0,0
AVPYP,0.2,0,0,0,0,0,0,0,0,0,0,0,0.4,0,0,0,0,0.2,0,0.2
CRQNTLGHNTQTSIAQ,0.0625,0.0625,0,0,0,0.0625,0.0625,0.0625,0,0.0625,0,0.125,0,0.1875,0.0625,0.0625,0.1875,0,0,0
AFKDEDTEEVPFR,0.076923077,0,0.153846154,0.230769231,0.153846154,0,0,0,0.076923077,0,0,0,0.076923077,0,0.076923077,0,0.076923077,0.076923077,0,0
IIP,0,0,0,0,0,0,0,0.666666667,0,0,0,0,0.333333333,0,0,0,0,0,0,0
VVRP,0,0,0,0,0,0,0,0,0,0,0,0,0.25,0,0.25,0,0,0.5,0,0
SVAKLEK,0.142857143,0,0,0.142857143,0,0,0,0,0.285714286,0.142857143,0,0,0,0,0,0.142857143,0,0.142857143,0,0
ENLLRF,0,0,0,0.166666667,0.166666667,0,0,0,0,0.333333333,0,0.166666667,0,0,0.166666667,0,0,0,0,0
FGG,0,0,0,0,0.333333333,0.666666667,0,0,0,0,0,0,0,0,0,0,0,0,0,0
VKAGF,0.2,0,0,0,0.2,0.2,0,0,0.2,0,0,0,0,0,0,0,0,0.2,0,0
HHTF,0,0,0,0,0.25,0,0.5,0,0,0,0,0,0,0,0,0,0.25,0,0,0
PDLVF,0,0,0.2,0,0.2,0,0,0,0,0.2,0,0,0.2,0,0,0,0,0.2,0,0
LENLHLPLP,0,0,0,0.111111111,0,0,0.111111111,0,0,0.444444444,0,0.111111111,0.222222222,0,0,0,0,0,0,0
WYSLA,0.2,0,0,0,0,0,0,0,0,0.2,0,0,0,0,0,0.2,0,0,0.2,0.2
PAP,0.333333333,0,0,0,0,0,0,0,0,0,0,0,0.666666667,0,0,0,0,0,0,0
RGLSK,0,0,0,0,0,0.2,0,0,0.2,0.2,0,0,0,0,0.2,0.2,0,0,0,0
NKL,0,0,0,0,0,0,0,0,0.333333333,0.333333333,0,0.333333333,0,0,0,0,0,0,0,0
WIR,0,0,0,0,0,0,0,0.333333333,0,0,0,0,0,0,0.333333333,0,0,0,0.333333333,0
MTEEY,0,0,0,0.4,0,0,0,0,0,0,0.2,0,0,0,0,0,0.2,0,0,0.2
GILRP,0,0,0,0,0,0.2,0,0.2,0,0.2,0,0,0.2,0,0.2,0,0,0,0,0
KLRP,0,0,0,0,0,0,0,0,0.25,0.25,0,0,0.25,0,0.25,0,0,0,0,0
RPK,0,0,0,0,0,0,0,0,0.333333333,0,0,0,0.333333333,0,0.333333333,0,0,0,0,0
KYPVQPFTESQSLTL,0,0,0,0.066666667,0.066666667,0,0,0,0.066666667,0.133333333,0,0,0.133333333,0.133333333,0,0.133333333,0.133333333,0.066666667,0,0.066666667
RF,0,0,0,0,0.5,0,0,0,0,0,0,0,0,0,0.5,0,0,0,0,0
SKVLPVPE,0,0,0,0.125,0,0,0,0,0.125,0.125,0,0,0.25,0,0,0.125,0,0.25,0,0
PLFPK,0,0,0,0,0.2,0,0,0,0.2,0.2,0,0,0.4,0,0,0,0,0,0,0
AMK,0.333333333,0,0,0,0,0,0,0,0.333333333,0,0.333333333,0,0,0,0,0,0,0,0,0
GFR,0,0,0,0,0.333333333,0.333333333,0,0,0,0,0,0,0,0,0.333333333,0,0,0,0,0
PGPLGLTGP,0,0,0,0,0,0.333333333,0,0,0,0.222222222,0,0,0.333333333,0,0,0,0.111111111,0,0,0
IVQ,0,0,0,0,0,0,0,0.333333333,0,0,0,0,0,0.333333333,0,0,0,0.333333333,0,0
AR,0.5,0,0,0,0,0,0,0,0,0,0,0,0,0,0.5,0,0,0,0,0
VVGP,0,0,0,0,0,0.25,0,0,0,0,0,0,0.25,0,0,0,0,0.5,0,0
VR,0,0,0,0,0,0,0,0,0,0,0,0,0,0,0.5,0,0,0.5,0,0
GAGP,0.25,0,0,0,0,0.5,0,0,0,0,0,0,0.25,0,0,0,0,0,0,0
AAATP,0.6,0,0,0,0,0,0,0,0,0,0,0,0.2,0,0,0,0.2,0,0,0
LEE,0,0,0,0.666666667,0,0,0,0,0,0.333333333,0,0,0,0,0,0,0,0,0,0
LQQ,0,0,0,0,0,0,0,0,0,0.333333333,0,0,0,0.666666667,0,0,0,0,0,0
PAQK,0.25,0,0,0,0,0,0,0,0.25,0,0,0,0.25,0.25,0,0,0,0,0,0
VAKLEK,0.166666667,0,0,0.166666667,0,0,0,0,0.333333333,0.166666667,0,0,0,0,0,0,0,0.166666667,0,0
LEPP,0,0,0,0.25,0,0,0,0,0,0.25,0,0,0.5,0,0,0,0,0,0,0
VFKAF,0.2,0,0,0,0.4,0,0,0,0.2,0,0,0,0,0,0,0,0,0.2,0,0
TLS,0,0,0,0,0,0,0,0,0,0.333333333,0,0,0,0,0,0.333333333,0.333333333,0,0,0
ASL,0.333333333,0,0,0,0,0,0,0,0,0.333333333,0,0,0,0,0,0.333333333,0,0,0,0
PKIDAMREKVLA,0.166666667,0,0.083333333,0.083333333,0,0,0,0.083333333,0.166666667,0.083333333,0.083333333,0,0.083333333,0,0.083333333,0,0,0.083333333,0,0
IEW,0,0,0,0.333333333,0,0,0,0.333333333,0,0,0,0,0,0,0,0,0,0,0.333333333,0
AYFTPE,0.166666667,0,0,0.166666667,0.166666667,0,0,0,0,0,0,0,0.166666667,0,0,0,0.166666667,0,0,0.166666667
LNNSRAP,0.142857143,0,0,0,0,0,0,0,0,0.142857143,0,0.285714286,0.142857143,0,0.142857143,0.142857143,0,0,0,0
PFPEVFGK,0,0,0,0.125,0.25,0.125,0,0,0.125,0,0,0,0.25,0,0,0,0,0.125,0,0
HQIYP,0,0,0,0,0,0,0.2,0.2,0,0,0,0,0.2,0.2,0,0,0,0,0,0.2
PQTLALP,0.142857143,0,0,0,0,0,0,0,0,0.285714286,0,0,0.285714286,0.142857143,0,0,0.142857143,0,0,0
PRVF,0,0,0,0,0.25,0,0,0,0,0,0,0,0.25,0,0.25,0,0,0.25,0,0
PVPQP,0,0,0,0,0,0,0,0,0,0,0,0,0.6,0.2,0,0,0,0.2,0,0
VWIG,0,0,0,0,0,0.25,0,0.25,0,0,0,0,0,0,0,0,0,0.25,0.25,0
WHHT,0,0,0,0,0,0,0.5,0,0,0,0,0,0,0,0,0,0.25,0,0.25,0
DKIHP,0,0,0.2,0,0,0,0.2,0.2,0.2,0,0,0,0.2,0,0,0,0,0,0,0
FSDKIAK,0.142857143,0,0.142857143,0,0.142857143,0,0,0.142857143,0.285714286,0,0,0,0,0,0,0.142857143,0,0,0,0
GEGSGA,0.166666667,0,0,0.166666667,0,0.5,0,0,0,0,0,0,0,0,0,0.166666667,0,0,0,0
GW,0,0,0,0,0,0.5,0,0,0,0,0,0,0,0,0,0,0,0,0.5,0
VEV,0,0,0,0.333333333,0,0,0,0,0,0,0,0,0,0,0,0,0,0.666666667,0,0
RIGLF,0,0,0,0,0.2,0.2,0,0.2,0,0.2,0,0,0,0,0.2,0,0,0,0,0
VM,0,0,0,0,0,0,0,0,0,0,0.5,0,0,0,0,0,0,0.5,0,0
VRGP,0,0,0,0,0,0.25,0,0,0,0,0,0,0.25,0,0.25,0,0,0.25,0,0
GHG,0,0,0,0,0,0.666666667,0.333333333,0,0,0,0,0,0,0,0,0,0,0,0,0
GPIGPA,0.166666667,0,0,0,0,0.333333333,0,0.166666667,0,0,0,0,0.333333333,0,0,0,0,0,0,0
GPIGPP,0,0,0,0,0,0.333333333,0,0.166666667,0,0,0,0,0.5,0,0,0,0,0,0,0
GPVGPA,0.166666667,0,0,0,0,0.333333333,0,0,0,0,0,0,0.333333333,0,0,0,0,0.166666667,0,0
GPVGPP,0,0,0,0,0,0.333333333,0,0,0,0,0,0,0.5,0,0,0,0,0.166666667,0,0
HLFGPPGKKDPV,0,0,0.083333333,0,0.083333333,0.166666667,0.083333333,0,0.166666667,0.083333333,0,0,0.25,0,0,0,0,0.083333333,0,0
LVPP,0,0,0,0,0,0,0,0,0,0.25,0,0,0.5,0,0,0,0,0.25,0,0
YNK,0,0,0,0,0,0,0,0,0.333333333,0,0,0.333333333,0,0,0,0,0,0,0,0.333333333
HNW,0,0,0,0,0,0,0.333333333,0,0,0,0,0.333333333,0,0,0,0,0,0,0.333333333,0
VEGY,0,0,0,0.25,0,0.25,0,0,0,0,0,0,0,0,0,0,0,0.25,0,0.25
PSSNK,0,0,0,0,0,0,0,0,0.2,0,0,0.2,0.2,0,0,0.4,0,0,0,0
EKGP,0,0,0,0.25,0,0.25,0,0,0.25,0,0,0,0.25,0,0,0,0,0,0,0
SF,0,0,0,0,0.5,0,0,0,0,0,0,0,0,0,0,0.5,0,0,0,0
LSGNK,0,0,0,0,0,0.2,0,0,0.2,0.2,0,0.2,0,0,0,0.2,0,0,0,0
LTGP,0,0,0,0,0,0.25,0,0,0,0.25,0,0,0.25,0,0,0,0.25,0,0,0
KIHPFAQAQ,0.222222222,0,0,0,0.111111111,0,0.111111111,0.111111111,0.111111111,0,0,0,0.111111111,0.222222222,0,0,0,0,0,0
YPER,0,0,0,0.25,0,0,0,0,0,0,0,0,0.25,0,0.25,0,0,0,0,0.25
VTR,0,0,0,0,0,0,0,0,0,0,0,0,0,0,0.333333333,0,0.333333333,0.333333333,0,0
EPVLGPVRGPFP,0,0,0,0.083333333,0.083333333,0.166666667,0,0,0,0.083333333,0,0,0.333333333,0,0.083333333,0,0,0.166666667,0,0
EQGP,0,0,0,0.25,0,0.25,0,0,0,0,0,0,0.25,0.25,0,0,0,0,0,0
FPEVFGK,0,0,0,0.142857143,0.285714286,0.142857143,0,0,0.142857143,0,0,0,0.142857143,0,0,0,0,0.142857143,0,0
QVVF,0,0,0,0,0.25,0,0,0,0,0,0,0,0,0.25,0,0,0,0.5,0,0
PRKEKLCTTS,0,0.1,0,0.1,0,0,0,0,0.2,0.1,0,0,0.1,0,0.1,0.1,0.2,0,0,0
DLTDY,0,0,0.4,0,0,0,0,0,0,0.2,0,0,0,0,0,0,0.2,0,0,0.2
PFP,0,0,0,0,0.333333333,0,0,0,0,0,0,0,0.666666667,0,0,0,0,0,0,0
IPAVFK,0.166666667,0,0,0,0.166666667,0,0,0.166666667,0.166666667,0,0,0,0.166666667,0,0,0,0,0.166666667,0,0
LGV,0,0,0,0,0,0.333333333,0,0,0,0.333333333,0,0,0,0,0,0,0,0.333333333,0,0
GPPGAIGP,0.125,0,0,0,0,0.375,0,0.125,0,0,0,0,0.375,0,0,0,0,0,0,0
QLGFLGPR,0,0,0,0,0.125,0.25,0,0,0,0.25,0,0,0.125,0.125,0.125,0,0,0,0,0
DLGP,0,0,0.25,0,0,0.25,0,0,0,0.25,0,0,0.25,0,0,0,0,0,0,0
QGP,0,0,0,0,0,0.333333333,0,0,0,0,0,0,0.333333333,0.333333333,0,0,0,0,0,0
TD,0,0,0.5,0,0,0,0,0,0,0,0,0,0,0,0,0,0.5,0,0,0
NKGPR,0,0,0,0,0,0.2,0,0,0.2,0,0,0.2,0.2,0,0.2,0,0,0,0,0
MA,0.5,0,0,0,0,0,0,0,0,0,0.5,0,0,0,0,0,0,0,0,0
VFER,0,0,0,0.25,0.25,0,0,0,0,0,0,0,0,0,0.25,0,0,0.25,0,0
IA,0.5,0,0,0,0,0,0,0.5,0,0,0,0,0,0,0,0,0,0,0,0
IAV,0.333333333,0,0,0,0,0,0,0.333333333,0,0,0,0,0,0,0,0,0,0.333333333,0,0
ENLHLPLP,0,0,0,0.125,0,0,0.125,0,0,0.375,0,0.125,0.25,0,0,0,0,0,0,0
DILN,0,0,0.25,0,0,0,0,0.25,0,0.25,0,0.25,0,0,0,0,0,0,0,0
LR,0,0,0,0,0,0,0,0,0,0.5,0,0,0,0,0.5,0,0,0,0,0
FGK,0,0,0,0,0.333333333,0.333333333,0,0,0.333333333,0,0,0,0,0,0,0,0,0,0,0
IRAQQ,0.2,0,0,0,0,0,0,0.2,0,0,0,0,0,0.4,0.2,0,0,0,0,0
LTQTPVVVPP,0,0,0,0,0,0,0,0,0,0.1,0,0,0.3,0.1,0,0,0.2,0.3,0,0
QVGP,0,0,0,0,0,0.25,0,0,0,0,0,0,0.25,0.25,0,0,0,0.25,0,0
GR,0,0,0,0,0,0.5,0,0,0,0,0,0,0,0,0.5,0,0,0,0,0
DAGP,0.25,0,0.25,0,0,0.25,0,0,0,0,0,0,0.25,0,0,0,0,0,0,0
VPKVK,0,0,0,0,0,0,0,0,0.4,0,0,0,0.2,0,0,0,0,0.4,0,0
ALAFQ,0.4,0,0,0,0.2,0,0,0,0,0.2,0,0,0,0.2,0,0,0,0,0,0
RPQIPP,0,0,0,0,0,0,0,0.166666667,0,0,0,0,0.5,0.166666667,0.166666667,0,0,0,0,0
QSGP,0,0,0,0,0,0.25,0,0,0,0,0,0,0.25,0.25,0,0.25,0,0,0,0
TLKYP,0,0,0,0,0,0,0,0,0.2,0.2,0,0,0.2,0,0,0,0.2,0,0,0.2
KGP,0,0,0,0,0,0.333333333,0,0,0.333333333,0,0,0,0.333333333,0,0,0,0,0,0,0
NIPPLTQTPV,0,0,0,0,0,0,0,0.1,0,0.1,0,0.1,0.3,0.1,0,0,0.2,0.1,0,0
VIEKYP,0,0,0,0.166666667,0,0,0,0.166666667,0.166666667,0,0,0,0.166666667,0,0,0,0,0.166666667,0,0.166666667
VIKP,0,0,0,0,0,0,0,0.25,0.25,0,0,0,0.25,0,0,0,0,0.25,0,0
KFAWPQ,0.166666667,0,0,0,0.166666667,0,0,0,0.166666667,0,0,0,0.166666667,0.166666667,0,0,0,0,0.166666667,0
ENGLPVHLDQSIFRR,0,0,0.066666667,0.066666667,0.066666667,0.066666667,0.066666667,0.066666667,0,0.133333333,0,0.066666667,0.066666667,0.066666667,0.133333333,0.066666667,0,0.066666667,0,0
ENGLPVHLDQSIFRRP,0,0,0.0625,0.0625,0.0625,0.0625,0.0625,0.0625,0,0.125,0,0.0625,0.125,0.0625,0.125,0.0625,0,0.0625,0,0
EPIPYGFLP,0,0,0,0.111111111,0.111111111,0.111111111,0,0.111111111,0,0.111111111,0,0,0.333333333,0,0,0,0,0,0,0.111111111
PVPP,0,0,0,0,0,0,0,0,0,0,0,0,0.75,0,0,0,0,0.25,0,0
PKAIP,0.2,0,0,0,0,0,0,0.2,0.2,0,0,0,0.4,0,0,0,0,0,0,0
ENGLPVHLDQSIFR,0,0,0.071428571,0.071428571,0.071428571,0.071428571,0.071428571,0.071428571,0,0.142857143,0,0.071428571,0.071428571,0.071428571,0.071428571,0.071428571,0,0.071428571,0,0
GLYP,0,0,0,0,0,0.25,0,0,0,0.25,0,0,0.25,0,0,0,0,0,0,0.25
APER,0.25,0,0,0.25,0,0,0,0,0,0,0,0,0.25,0,0.25,0,0,0,0,0
YR,0,0,0,0,0,0,0,0,0,0,0,0,0,0,0.5,0,0,0,0,0.5
HFEAMR,0.166666667,0,0,0.166666667,0.166666667,0,0.166666667,0,0,0,0.166666667,0,0,0,0.166666667,0,0,0,0,0
DIGP,0,0,0.25,0,0,0.25,0,0.25,0,0,0,0,0.25,0,0,0,0,0,0,0
QIGP,0,0,0,0,0,0.25,0,0.25,0,0,0,0,0.25,0.25,0,0,0,0,0,0
VSGP,0,0,0,0,0,0.25,0,0,0,0,0,0,0.25,0,0,0.25,0,0.25,0,0
PAPPK,0.2,0,0,0,0,0,0,0,0.2,0,0,0,0.6,0,0,0,0,0,0,0
VHLPPP,0,0,0,0,0,0,0.166666667,0,0,0.166666667,0,0,0.5,0,0,0,0,0.166666667,0,0
YVP,0,0,0,0,0,0,0,0,0,0,0,0,0.333333333,0,0,0,0,0.333333333,0,0.333333333
TPCPPQ,0,0.166666667,0,0,0,0,0,0,0,0,0,0,0.5,0.166666667,0,0,0.166666667,0,0,0
ERYL,0,0,0,0.25,0,0,0,0,0,0.25,0,0,0,0,0.25,0,0,0,0,0.25
LSMGSASLSP,0.1,0,0,0,0,0.1,0,0,0,0.2,0.1,0,0.1,0,0,0.4,0,0,0,0
PVNNPQIH,0,0,0,0,0,0,0.125,0.125,0,0,0,0.25,0.25,0.125,0,0,0,0.125,0,0
RDMPIQAF,0.125,0,0.125,0,0.125,0,0,0.125,0,0,0.125,0,0.125,0.125,0.125,0,0,0,0,0
AIYK,0.25,0,0,0,0,0,0,0.25,0.25,0,0,0,0,0,0,0,0,0,0,0.25
WT,0,0,0,0,0,0,0,0,0,0,0,0,0,0,0,0,0.5,0,0.5,0
ALNEINQFY,0.111111111,0,0,0.111111111,0.111111111,0,0,0.111111111,0,0.111111111,0,0.222222222,0,0.111111111,0,0,0,0,0,0.111111111
PYP,0,0,0,0,0,0,0,0,0,0,0,0,0.666666667,0,0,0,0,0,0,0.333333333
LLHSPP,0,0,0,0,0,0,0.166666667,0,0,0.333333333,0,0,0.333333333,0,0,0.166666667,0,0,0,0
GVPKVKETMVPKH,0,0,0,0.076923077,0,0.076923077,0.076923077,0,0.230769231,0,0.076923077,0,0.153846154,0,0,0,0.076923077,0.230769231,0,0
AF,0.5,0,0,0,0.5,0,0,0,0,0,0,0,0,0,0,0,0,0,0,0
RYLG,0,0,0,0,0,0.25,0,0,0,0.25,0,0,0,0,0.25,0,0,0,0,0.25
SNIP,0,0,0,0,0,0,0,0.25,0,0,0,0.25,0.25,0,0,0.25,0,0,0,0
SALAM,0.4,0,0,0,0,0,0,0,0,0.2,0.2,0,0,0,0,0.2,0,0,0,0
AP,0.5,0,0,0,0,0,0,0,0,0,0,0,0.5,0,0,0,0,0,0,0
LGECGGR,0,0.142857143,0,0.142857143,0,0.428571429,0,0,0,0.142857143,0,0,0,0,0.142857143,0,0,0,0,0
DNLLN,0,0,0.2,0,0,0,0,0,0,0.4,0,0.4,0,0,0,0,0,0,0,0
GAW,0.333333333,0,0,0,0,0.333333333,0,0,0,0,0,0,0,0,0,0,0,0,0.333333333,0
ASP,0.333333333,0,0,0,0,0,0,0,0,0,0,0,0.333333333,0,0,0.333333333,0,0,0,0
NSWVE,0,0,0,0.2,0,0,0,0,0,0,0,0.2,0,0,0,0.2,0,0.2,0.2,0
VPSERYL,0,0,0,0.142857143,0,0,0,0,0,0.142857143,0,0,0.142857143,0,0.142857143,0.142857143,0,0.142857143,0,0.142857143
SY,0,0,0,0,0,0,0,0,0,0,0,0,0,0,0,0.5,0,0,0,0.5
ENLLRFFVAPFPEVFG,0.0625,0,0,0.125,0.25,0.0625,0,0,0,0.125,0,0.0625,0.125,0,0.0625,0,0,0.125,0,0
LT,0,0,0,0,0,0,0,0,0,0.5,0,0,0,0,0,0,0.5,0,0,0
PSNPP,0,0,0,0,0,0,0,0,0,0,0,0.2,0.6,0,0,0.2,0,0,0,0
GEGGP,0,0,0,0.2,0,0.6,0,0,0,0,0,0,0.2,0,0,0,0,0,0,0
APP,0.333333333,0,0,0,0,0,0,0,0,0,0,0,0.666666667,0,0,0,0,0,0,0
RADHP,0.2,0,0.2,0,0,0,0.2,0,0,0,0,0,0.2,0,0.2,0,0,0,0,0
DTW,0,0,0.333333333,0,0,0,0,0,0,0,0,0,0,0,0,0,0.333333333,0,0.333333333,0
IPAQK,0.2,0,0,0,0,0,0,0.2,0.2,0,0,0,0.2,0.2,0,0,0,0,0,0
VAV,0.333333333,0,0,0,0,0,0,0,0,0,0,0,0,0,0,0,0,0.666666667,0,0
YGFLP,0,0,0,0,0.2,0.2,0,0,0,0.2,0,0,0.2,0,0,0,0,0,0,0.2
ALNEINQFYQK,0.090909091,0,0,0.090909091,0.090909091,0,0,0.090909091,0.090909091,0.090909091,0,0.181818182,0,0.181818182,0,0,0,0,0,0.090909091
FK,0,0,0,0,0.5,0,0,0,0.5,0,0,0,0,0,0,0,0,0,0,0
KVLPG,0,0,0,0,0,0.2,0,0,0.2,0.2,0,0,0.2,0,0,0,0,0.2,0,0
RR,0,0,0,0,0,0,0,0,0,0,0,0,0,0,1,0,0,0,0,0
GVW,0,0,0,0,0,0.333333333,0,0,0,0,0,0,0,0,0,0,0,0.333333333,0.333333333,0
HDHM,0,0,0.25,0,0,0,0.5,0,0,0,0.25,0,0,0,0,0,0,0,0,0
WA,0.5,0,0,0,0,0,0,0,0,0,0,0,0,0,0,0,0,0,0.5,0
GPSMR,0,0,0,0,0,0.2,0,0,0,0,0.2,0,0.2,0,0.2,0.2,0,0,0,0
ALPP,0.25,0,0,0,0,0,0,0,0,0.25,0,0,0.5,0,0,0,0,0,0,0
LNENLLRFFVAPFPEVFG,0.055555556,0,0,0.111111111,0.222222222,0.055555556,0,0,0,0.166666667,0,0.111111111,0.111111111,0,0.055555556,0,0,0.111111111,0,0
SHP,0,0,0,0,0,0,0.333333333,0,0,0,0,0,0.333333333,0,0,0.333333333,0,0,0,0
YQEPVL,0,0,0,0.166666667,0,0,0,0,0,0.166666667,0,0,0.166666667,0.166666667,0,0,0,0.166666667,0,0.166666667
VVPP,0,0,0,0,0,0,0,0,0,0,0,0,0.5,0,0,0,0,0.5,0,0
TVDQHQ,0,0,0.166666667,0,0,0,0.166666667,0,0,0,0,0,0,0.333333333,0,0,0.166666667,0.166666667,0,0
TP,0,0,0,0,0,0,0,0,0,0,0,0,0.5,0,0,0,0.5,0,0,0
VPQPIP,0,0,0,0,0,0,0,0.166666667,0,0,0,0,0.5,0.166666667,0,0,0,0.166666667,0,0
NPP,0,0,0,0,0,0,0,0,0,0,0,0.333333333,0.666666667,0,0,0,0,0,0,0
VYPFPGPI,0,0,0,0,0.125,0.125,0,0.125,0,0,0,0,0.375,0,0,0,0,0.125,0,0.125
IVGRPR,0,0,0,0,0,0.166666667,0,0.166666667,0,0,0,0,0.166666667,0,0.333333333,0,0,0.166666667,0,0
LNVPGEIVE,0,0,0,0.222222222,0,0.111111111,0,0.111111111,0,0.111111111,0,0.111111111,0.111111111,0,0,0,0,0.222222222,0,0
PQAFP,0.2,0,0,0,0.2,0,0,0,0,0,0,0,0.4,0.2,0,0,0,0,0,0
RPVQ,0,0,0,0,0,0,0,0,0,0,0,0,0.25,0.25,0.25,0,0,0.25,0,0
YQEPVLQPVR,0,0,0,0.1,0,0,0,0,0,0.1,0,0,0.2,0.2,0.1,0,0,0.2,0,0.1
STYQT,0,0,0,0,0,0,0,0,0,0,0,0,0,0.2,0,0.2,0.4,0,0,0.2
AMNPP,0.2,0,0,0,0,0,0,0,0,0,0.2,0.2,0.4,0,0,0,0,0,0,0
KVAGPK,0.166666667,0,0,0,0,0.166666667,0,0,0.333333333,0,0,0,0.166666667,0,0,0,0,0.166666667,0,0
LLRH,0,0,0,0,0,0,0.25,0,0,0.5,0,0,0,0,0.25,0,0,0,0,0
QLGP,0,0,0,0,0,0.25,0,0,0,0.25,0,0,0.25,0.25,0,0,0,0,0,0
LNPA,0.25,0,0,0,0,0,0,0,0,0.25,0,0.25,0.25,0,0,0,0,0,0,0
FP,0,0,0,0,0.5,0,0,0,0,0,0,0,0.5,0,0,0,0,0,0,0
LSPA,0.25,0,0,0,0,0,0,0,0,0.25,0,0,0.25,0,0,0.25,0,0,0,0
IVVE,0,0,0,0.25,0,0,0,0.25,0,0,0,0,0,0,0,0,0,0.5,0,0
YQEP,0,0,0,0.25,0,0,0,0,0,0,0,0,0.25,0.25,0,0,0,0,0,0.25
TGPIPN,0,0,0,0,0,0.166666667,0,0.166666667,0,0,0,0.166666667,0.333333333,0,0,0,0.166666667,0,0,0
APSAK,0.4,0,0,0,0,0,0,0,0.2,0,0,0,0.2,0,0,0.2,0,0,0,0
KAIP,0.25,0,0,0,0,0,0,0.25,0.25,0,0,0,0.25,0,0,0,0,0,0,0
RHQG,0,0,0,0,0,0.25,0.25,0,0,0,0,0,0,0.25,0.25,0,0,0,0,0
SLPQ,0,0,0,0,0,0,0,0,0,0.25,0,0,0.25,0.25,0,0.25,0,0,0,0
NLAG,0.25,0,0,0,0,0.25,0,0,0,0.25,0,0.25,0,0,0,0,0,0,0,0
VPFGVG,0,0,0,0,0.166666667,0.333333333,0,0,0,0,0,0,0.166666667,0,0,0,0,0.333333333,0,0
PL,0,0,0,0,0,0,0,0,0,0.5,0,0,0.5,0,0,0,0,0,0,0
FNE,0,0,0,0.333333333,0.333333333,0,0,0,0,0,0,0.333333333,0,0,0,0,0,0,0,0
PQPIP,0,0,0,0,0,0,0,0.2,0,0,0,0,0.6,0.2,0,0,0,0,0,0
QLLKLK,0,0,0,0,0,0,0,0,0.333333333,0.5,0,0,0,0.166666667,0,0,0,0,0,0
PSGQYY,0,0,0,0,0,0.166666667,0,0,0,0,0,0,0.166666667,0.166666667,0,0.166666667,0,0,0,0.333333333
PKLPPVKK,0,0,0,0,0,0,0,0,0.375,0.125,0,0,0.375,0,0,0,0,0.125,0,0
LF,0,0,0,0,0.5,0,0,0,0,0.5,0,0,0,0,0,0,0,0,0,0
GKP,0,0,0,0,0,0.333333333,0,0,0.333333333,0,0,0,0.333333333,0,0,0,0,0,0,0
GPK,0,0,0,0,0,0.333333333,0,0,0.333333333,0,0,0,0.333333333,0,0,0,0,0,0,0
SQPK,0,0,0,0,0,0,0,0,0.25,0,0,0,0.25,0.25,0,0.25,0,0,0,0
RMLGQ,0,0,0,0,0,0.2,0,0,0,0.2,0.2,0,0,0.2,0.2,0,0,0,0,0
FNQ,0,0,0,0,0.333333333,0,0,0,0,0,0,0.333333333,0,0.333333333,0,0,0,0,0,0
DF,0,0,0.5,0,0.5,0,0,0,0,0,0,0,0,0,0,0,0,0,0,0
GP,0,0,0,0,0,0.5,0,0,0,0,0,0,0.5,0,0,0,0,0,0,0
GQVPP,0,0,0,0,0,0.2,0,0,0,0,0,0,0.4,0.2,0,0,0,0.2,0,0
ACHP,0.25,0.25,0,0,0,0,0.25,0,0,0,0,0,0.25,0,0,0,0,0,0,0
VAPFPEVF,0.125,0,0,0.125,0.25,0,0,0,0,0,0,0,0.25,0,0,0,0,0.25,0,0
VLVPK,0,0,0,0,0,0,0,0,0.2,0.2,0,0,0.2,0,0,0,0,0.4,0,0
LKLP,0,0,0,0,0,0,0,0,0.25,0.5,0,0,0.25,0,0,0,0,0,0,0
ESAGIH,0.166666667,0,0,0.166666667,0,0.166666667,0.166666667,0.166666667,0,0,0,0,0,0,0,0.166666667,0,0,0,0
AV,0.5,0,0,0,0,0,0,0,0,0,0,0,0,0,0,0,0,0.5,0,0
GVPKVKETMVPK,0,0,0,0.083333333,0,0.083333333,0,0,0.25,0,0.083333333,0,0.166666667,0,0,0,0.083333333,0.25,0,0
LMGP,0,0,0,0,0,0.25,0,0,0,0.25,0.25,0,0.25,0,0,0,0,0,0,0
EPKAIP,0.166666667,0,0,0.166666667,0,0,0,0.166666667,0.166666667,0,0,0,0.333333333,0,0,0,0,0,0,0
KR,0,0,0,0,0,0,0,0,0.5,0,0,0,0,0,0.5,0,0,0,0,0
TDQHQDKIYP,0,0,0.2,0,0,0,0.1,0.1,0.1,0,0,0,0.1,0.2,0,0,0.1,0,0,0.1
RPR,0,0,0,0,0,0,0,0,0,0,0,0,0.333333333,0,0.666666667,0,0,0,0,0
FDK,0,0,0.333333333,0,0.333333333,0,0,0,0.333333333,0,0,0,0,0,0,0,0,0,0,0
VRGPFPIIV,0,0,0,0,0.111111111,0.111111111,0,0.222222222,0,0,0,0,0.222222222,0,0.111111111,0,0,0.222222222,0,0
TKIVP,0,0,0,0,0,0,0,0.2,0.2,0,0,0,0.2,0,0,0,0.2,0.2,0,0
TKVIP,0,0,0,0,0,0,0,0.2,0.2,0,0,0,0.2,0,0,0,0.2,0.2,0,0
GPA,0.333333333,0,0,0,0,0.333333333,0,0,0,0,0,0,0.333333333,0,0,0,0,0,0,0
EAP,0.333333333,0,0,0.333333333,0,0,0,0,0,0,0,0,0.333333333,0,0,0,0,0,0,0
GY,0,0,0,0,0,0.5,0,0,0,0,0,0,0,0,0,0,0,0,0,0.5
YGL,0,0,0,0,0,0.333333333,0,0,0,0.333333333,0,0,0,0,0,0,0,0,0,0.333333333
LHLP,0,0,0,0,0,0,0.25,0,0,0.5,0,0,0.25,0,0,0,0,0,0,0
PFFDPQIP,0,0,0.125,0,0.25,0,0,0.125,0,0,0,0,0.375,0.125,0,0,0,0,0,0
VAND,0.25,0,0.25,0,0,0,0,0,0,0,0,0.25,0,0,0,0,0,0.25,0,0
YS,0,0,0,0,0,0,0,0,0,0,0,0,0,0,0,0.5,0,0,0,0.5
NLHLP,0,0,0,0,0,0,0.2,0,0,0.4,0,0.2,0.2,0,0,0,0,0,0,0
EMPFPK,0,0,0,0.166666667,0.166666667,0,0,0,0.166666667,0,0.166666667,0,0.333333333,0,0,0,0,0,0,0
GPFPILV,0,0,0,0,0.142857143,0.142857143,0,0.142857143,0,0.142857143,0,0,0.285714286,0,0,0,0,0.142857143,0,0
YTVF,0,0,0,0,0.25,0,0,0,0,0,0,0,0,0,0,0,0.25,0.25,0,0.25
GIQSEPKAIP,0.1,0,0,0.1,0,0.1,0,0.2,0.1,0,0,0,0.2,0.1,0,0.1,0,0,0,0
PLP,0,0,0,0,0,0,0,0,0,0.333333333,0,0,0.666666667,0,0,0,0,0,0,0
SEPKAIP,0.142857143,0,0,0.142857143,0,0,0,0.142857143,0.142857143,0,0,0,0.285714286,0,0,0.142857143,0,0,0,0
IPAIN,0.2,0,0,0,0,0,0,0.4,0,0,0,0.2,0.2,0,0,0,0,0,0,0
RDILNQ,0,0,0.166666667,0,0,0,0,0.166666667,0,0.166666667,0,0.166666667,0,0.166666667,0.166666667,0,0,0,0,0
GFPGTPGLPGF,0,0,0,0,0.181818182,0.363636364,0,0,0,0.090909091,0,0,0.272727273,0,0,0,0.090909091,0,0,0
PQNILP,0,0,0,0,0,0,0,0.166666667,0,0.166666667,0,0.166666667,0.333333333,0.166666667,0,0,0,0,0,0
TCSP,0,0.25,0,0,0,0,0,0,0,0,0,0,0.25,0,0,0.25,0.25,0,0,0
PLPLL,0,0,0,0,0,0,0,0,0,0.6,0,0,0.4,0,0,0,0,0,0,0
YA,0.5,0,0,0,0,0,0,0,0,0,0,0,0,0,0,0,0,0,0,0.5
GTW,0,0,0,0,0,0.333333333,0,0,0,0,0,0,0,0,0,0,0.333333333,0,0.333333333,0
HPFAQ,0.2,0,0,0,0.2,0,0.2,0,0,0,0,0,0.2,0.2,0,0,0,0,0,0
GRPR,0,0,0,0,0,0.25,0,0,0,0,0,0,0.25,0,0.5,0,0,0,0,0
IAIP,0.25,0,0,0,0,0,0,0.5,0,0,0,0,0.25,0,0,0,0,0,0,0
FVAPFPEV,0.125,0,0,0.125,0.25,0,0,0,0,0,0,0,0.25,0,0,0,0,0.25,0,0
FC,0,0.5,0,0,0.5,0,0,0,0,0,0,0,0,0,0,0,0,0,0,0
TGGGNV,0,0,0,0,0,0.5,0,0,0,0,0,0.166666667,0,0,0,0,0.166666667,0.166666667,0,0
AKLEK,0.2,0,0,0.2,0,0,0,0,0.4,0.2,0,0,0,0,0,0,0,0,0,0
GHS,0,0,0,0,0,0.333333333,0.333333333,0,0,0,0,0,0,0,0,0.333333333,0,0,0,0
KLP,0,0,0,0,0,0,0,0,0.333333333,0.333333333,0,0,0.333333333,0,0,0,0,0,0,0
LQSW,0,0,0,0,0,0,0,0,0,0.25,0,0,0,0.25,0,0.25,0,0,0.25,0
PTHIK,0,0,0,0,0,0,0.2,0.2,0.2,0,0,0,0.2,0,0,0,0.2,0,0,0
YPFPGPIP,0,0,0,0,0.125,0.125,0,0.125,0,0,0,0,0.5,0,0,0,0,0,0,0.125
PPEIN,0,0,0,0.2,0,0,0,0.2,0,0,0,0.2,0.4,0,0,0,0,0,0,0
FHSGIQSEPKAIP,0.076923077,0,0,0.076923077,0.076923077,0.076923077,0.076923077,0.153846154,0.076923077,0,0,0,0.153846154,0.076923077,0,0.153846154,0,0,0,0
RVR,0,0,0,0,0,0,0,0,0,0,0,0,0,0,0.666666667,0,0,0.333333333,0,0
AGS,0.333333333,0,0,0,0,0.333333333,0,0,0,0,0,0,0,0,0,0.333333333,0,0,0,0
VAGTW,0.2,0,0,0,0,0.2,0,0,0,0,0,0,0,0,0,0,0.2,0.2,0.2,0
MM,0,0,0,0,0,0,0,0,0,0,1,0,0,0,0,0,0,0,0,0
ITTNP,0,0,0,0,0,0,0,0.2,0,0,0,0.2,0.2,0,0,0,0.4,0,0,0
EKERERQ,0,0,0,0.428571429,0,0,0,0,0.142857143,0,0,0,0,0.142857143,0.285714286,0,0,0,0,0
AGP,0.333333333,0,0,0,0,0.333333333,0,0,0,0,0,0,0.333333333,0,0,0,0,0,0,0
NILP,0,0,0,0,0,0,0,0.25,0,0.25,0,0.25,0.25,0,0,0,0,0,0,0
SIQSQPQAFP,0.1,0,0,0,0.1,0,0,0.1,0,0,0,0,0.2,0.3,0,0.2,0,0,0,0
IQSEPKAIP,0.111111111,0,0,0.111111111,0,0,0,0.222222222,0.111111111,0,0,0,0.222222222,0.111111111,0,0.111111111,0,0,0,0
AMKPW,0.2,0,0,0,0,0,0,0,0.2,0,0.2,0,0.2,0,0,0,0,0,0.2,0
AMPKPW,0.166666667,0,0,0,0,0,0,0,0.166666667,0,0.166666667,0,0.333333333,0,0,0,0,0,0.166666667,0
GLDIQK,0,0,0.166666667,0,0,0.166666667,0,0.166666667,0.166666667,0.166666667,0,0,0,0.166666667,0,0,0,0,0,0
DVPPYM,0,0,0.166666667,0,0,0,0,0,0,0,0.166666667,0,0.333333333,0,0,0,0,0.166666667,0,0.166666667
PIW,0,0,0,0,0,0,0,0.333333333,0,0,0,0,0.333333333,0,0,0,0,0,0.333333333,0
QP,0,0,0,0,0,0,0,0,0,0,0,0,0.5,0.5,0,0,0,0,0,0
DM,0,0,0.5,0,0,0,0,0,0,0,0.5,0,0,0,0,0,0,0,0,0
IAIPP,0.2,0,0,0,0,0,0,0.4,0,0,0,0,0.4,0,0,0,0,0,0,0
AFP,0.333333333,0,0,0,0.333333333,0,0,0,0,0,0,0,0.333333333,0,0,0,0,0,0,0
QPQAFP,0.166666667,0,0,0,0.166666667,0,0,0,0,0,0,0,0.333333333,0.333333333,0,0,0,0,0,0
YK,0,0,0,0,0,0,0,0,0.5,0,0,0,0,0,0,0,0,0,0,0.5
LAHKAL,0.333333333,0,0,0,0,0,0.166666667,0,0.166666667,0.333333333,0,0,0,0,0,0,0,0,0,0
APVPP,0.2,0,0,0,0,0,0,0,0,0,0,0,0.6,0,0,0,0,0.2,0,0
WVPSV,0,0,0,0,0,0,0,0,0,0,0,0,0.2,0,0,0.2,0,0.4,0.2,0
YV,0,0,0,0,0,0,0,0,0,0,0,0,0,0,0,0,0,0.5,0,0.5
INSQ,0,0,0,0,0,0,0,0.25,0,0,0,0.25,0,0.25,0,0.25,0,0,0,0
ITF,0,0,0,0,0.333333333,0,0,0.333333333,0,0,0,0,0,0,0,0,0.333333333,0,0,0
LGI,0,0,0,0,0,0.333333333,0,0.333333333,0,0.333333333,0,0,0,0,0,0,0,0,0,0
YQ,0,0,0,0,0,0,0,0,0,0,0,0,0,0.5,0,0,0,0,0,0.5
GF,0,0,0,0,0.5,0.5,0,0,0,0,0,0,0,0,0,0,0,0,0,0
IQSQPQAFP,0.111111111,0,0,0,0.111111111,0,0,0.111111111,0,0,0,0,0.222222222,0.333333333,0,0.111111111,0,0,0,0
YE,0,0,0,0.5,0,0,0,0,0,0,0,0,0,0,0,0,0,0,0,0.5
LDAQSAPLR,0.222222222,0,0.111111111,0,0,0,0,0,0,0.222222222,0,0,0.111111111,0.111111111,0.111111111,0.111111111,0,0,0,0
FVAPFPEVFG,0.1,0,0,0.1,0.3,0.1,0,0,0,0,0,0,0.2,0,0,0,0,0.2,0,0
RALP,0.25,0,0,0,0,0,0,0,0,0.25,0,0,0.25,0,0.25,0,0,0,0,0
SGIQSEPKAIP,0.090909091,0,0,0.090909091,0,0.090909091,0,0.181818182,0.090909091,0,0,0,0.181818182,0.090909091,0,0.181818182,0,0,0,0
QVPQPIP,0,0,0,0,0,0,0,0.142857143,0,0,0,0,0.428571429,0.285714286,0,0,0,0.142857143,0,0
ER,0,0,0,0.5,0,0,0,0,0,0,0,0,0,0,0.5,0,0,0,0,0
AIP,0.333333333,0,0,0,0,0,0,0.333333333,0,0,0,0,0.333333333,0,0,0,0,0,0,0
TTN,0,0,0,0,0,0,0,0,0,0,0,0.333333333,0,0,0,0,0.666666667,0,0,0
AGSS,0.25,0,0,0,0,0.25,0,0,0,0,0,0,0,0,0,0.5,0,0,0,0
ITT,0,0,0,0,0,0,0,0.333333333,0,0,0,0,0,0,0,0,0.666666667,0,0,0
YY,0,0,0,0,0,0,0,0,0,0,0,0,0,0,0,0,0,0,0,1
LLMPK,0,0,0,0,0,0,0,0,0.2,0.4,0.2,0,0.2,0,0,0,0,0,0,0
IPQEVLP,0,0,0,0.142857143,0,0,0,0.142857143,0,0.142857143,0,0,0.285714286,0.142857143,0,0,0,0.142857143,0,0
IR,0,0,0,0,0,0,0,0.5,0,0,0,0,0,0,0.5,0,0,0,0,0
PQR,0,0,0,0,0,0,0,0,0,0,0,0,0.333333333,0.333333333,0.333333333,0,0,0,0,0
QSQPQAFP,0.125,0,0,0,0.125,0,0,0,0,0,0,0,0.25,0.375,0,0.125,0,0,0,0
VRK,0,0,0,0,0,0,0,0,0.333333333,0,0,0,0,0,0.333333333,0,0,0.333333333,0,0
VPSERY,0,0,0,0.166666667,0,0,0,0,0,0,0,0,0.166666667,0,0.166666667,0.166666667,0,0.166666667,0,0.166666667
PKHP,0,0,0,0,0,0,0.25,0,0.25,0,0,0,0.5,0,0,0,0,0,0,0
SQPQAFP,0.142857143,0,0,0,0.142857143,0,0,0,0,0,0,0,0.285714286,0.285714286,0,0.142857143,0,0,0,0
LPLP,0,0,0,0,0,0,0,0,0,0.5,0,0,0.5,0,0,0,0,0,0,0
YQEPVLGP,0,0,0,0.125,0,0.125,0,0,0,0.125,0,0,0.25,0.125,0,0,0,0.125,0,0.125
EGEPR,0,0,0,0.4,0,0.2,0,0,0,0,0,0,0.2,0,0.2,0,0,0,0,0
WG,0,0,0,0,0,0.5,0,0,0,0,0,0,0,0,0,0,0,0,0.5,0
EDENNPFYLR,0,0,0.1,0.2,0.1,0,0,0,0,0.1,0,0.2,0.1,0,0.1,0,0,0,0,0.1
GLG,0,0,0,0,0,0.666666667,0,0,0,0.333333333,0,0,0,0,0,0,0,0,0,0
YGLF,0,0,0,0,0.25,0.25,0,0,0,0.25,0,0,0,0,0,0,0,0,0,0.25
GVQGPM,0,0,0,0,0,0.333333333,0,0,0,0,0.166666667,0,0.166666667,0.166666667,0,0,0,0.166666667,0,0
HQG,0,0,0,0,0,0.333333333,0.333333333,0,0,0,0,0,0,0.333333333,0,0,0,0,0,0
TPVVVPPFLQP,0,0,0,0,0.090909091,0,0,0,0,0.090909091,0,0,0.363636364,0.090909091,0,0,0.090909091,0.272727273,0,0
TPWVPPFLQP,0,0,0,0,0.1,0,0,0,0,0.1,0,0,0.4,0.1,0,0,0.1,0.1,0.1,0
QSEPKAIP,0.125,0,0,0.125,0,0,0,0.125,0.125,0,0,0,0.25,0.125,0,0.125,0,0,0,0
LALPP,0.2,0,0,0,0,0,0,0,0,0.4,0,0,0.4,0,0,0,0,0,0,0
VIPEL,0,0,0,0.2,0,0,0,0.2,0,0.2,0,0,0.2,0,0,0,0,0.2,0,0
HHT,0,0,0,0,0,0,0.666666667,0,0,0,0,0,0,0,0,0,0.333333333,0,0,0
LEK,0,0,0,0.333333333,0,0,0,0,0.333333333,0.333333333,0,0,0,0,0,0,0,0,0,0
NK,0,0,0,0,0,0,0,0,0.5,0,0,0.5,0,0,0,0,0,0,0,0
TFPHGP,0,0,0,0,0.166666667,0.166666667,0.166666667,0,0,0,0,0,0.333333333,0,0,0,0.166666667,0,0,0
AHHP,0.25,0,0,0,0,0,0.5,0,0,0,0,0,0.25,0,0,0,0,0,0,0
KDERF,0,0,0.2,0.2,0.2,0,0,0,0.2,0,0,0,0,0,0.2,0,0,0,0,0
KIEL,0,0,0,0.25,0,0,0,0.25,0.25,0.25,0,0,0,0,0,0,0,0,0,0
SPYP,0,0,0,0,0,0,0,0,0,0,0,0,0.5,0,0,0.25,0,0,0,0.25
QPIP,0,0,0,0,0,0,0,0.25,0,0,0,0,0.5,0.25,0,0,0,0,0,0
YSQQQQ,0,0,0,0,0,0,0,0,0,0,0,0,0,0.666666667,0,0.166666667,0,0,0,0.166666667
VVVPP,0,0,0,0,0,0,0,0,0,0,0,0,0.4,0,0,0,0,0.6,0,0
WNPR,0,0,0,0,0,0,0,0,0,0,0,0.25,0.25,0,0.25,0,0,0,0.25,0
RPKHPIKH,0,0,0,0,0,0,0.25,0.125,0.25,0,0,0,0.25,0,0.125,0,0,0,0,0
QK,0,0,0,0,0,0,0,0,0.5,0,0,0,0,0.5,0,0,0,0,0,0
YP,0,0,0,0,0,0,0,0,0,0,0,0,0.5,0,0,0,0,0,0,0.5
AIPP,0.25,0,0,0,0,0,0,0.25,0,0,0,0,0.5,0,0,0,0,0,0,0
DVITGA,0.166666667,0,0.166666667,0,0,0.166666667,0,0.166666667,0,0,0,0,0,0,0,0,0.166666667,0.166666667,0,0
SVAKL,0.2,0,0,0,0,0,0,0,0.2,0.2,0,0,0,0,0,0.2,0,0.2,0,0
PQEVLP,0,0,0,0.166666667,0,0,0,0,0,0.166666667,0,0,0.333333333,0.166666667,0,0,0,0.166666667,0,0
ASYDTKF,0.142857143,0,0.142857143,0,0.142857143,0,0,0,0.142857143,0,0,0,0,0,0,0.142857143,0.142857143,0,0,0.142857143
ALPM,0.25,0,0,0,0,0,0,0,0,0.25,0.25,0,0.25,0,0,0,0,0,0,0
MNPPK,0,0,0,0,0,0,0,0,0.2,0,0.2,0.2,0.4,0,0,0,0,0,0,0
TNP,0,0,0,0,0,0,0,0,0,0,0,0.333333333,0.333333333,0,0,0,0.333333333,0,0,0
VLDTDYK,0,0,0.285714286,0,0,0,0,0,0.142857143,0.142857143,0,0,0,0,0,0,0.142857143,0.142857143,0,0.142857143
IF,0,0,0,0,0.5,0,0,0.5,0,0,0,0,0,0,0,0,0,0,0,0
HIR,0,0,0,0,0,0,0.333333333,0.333333333,0,0,0,0,0,0,0.333333333,0,0,0,0,0
ASGPINFT,0.125,0,0,0,0.125,0.125,0,0.125,0,0,0,0.125,0.125,0,0,0.125,0.125,0,0,0
KVHSSIQSQPQAFT,0.071428571,0,0,0,0.071428571,0,0.071428571,0.071428571,0.071428571,0,0,0,0.071428571,0.214285714,0,0.214285714,0.071428571,0.071428571,0,0
QAFT,0.25,0,0,0,0.25,0,0,0,0,0,0,0,0,0.25,0,0,0.25,0,0,0
SSIQSQPQAFT,0.090909091,0,0,0,0.090909091,0,0,0.090909091,0,0,0,0,0.090909091,0.272727273,0,0.272727273,0.090909091,0,0,0
VHSSIQSQPQAFT,0.076923077,0,0,0,0.076923077,0,0.076923077,0.076923077,0,0,0,0,0.076923077,0.230769231,0,0.230769231,0.076923077,0.076923077,0,0
RML,0,0,0,0,0,0,0,0,0,0.333333333,0.333333333,0,0,0,0.333333333,0,0,0,0,0
LAMA,0.5,0,0,0,0,0,0,0,0,0.25,0.25,0,0,0,0,0,0,0,0,0
RLSGQTIEVTSEYLFRH,0,0,0,0.117647059,0.058823529,0.058823529,0.058823529,0.058823529,0,0.117647059,0,0,0,0.058823529,0.117647059,0.117647059,0.117647059,0.058823529,0,0.058823529
LEGR,0,0,0,0.25,0,0.25,0,0,0,0.25,0,0,0,0,0.25,0,0,0,0,0
GHF,0,0,0,0,0.333333333,0.333333333,0.333333333,0,0,0,0,0,0,0,0,0,0,0,0,0
GHP,0,0,0,0,0,0.333333333,0.333333333,0,0,0,0,0,0.333333333,0,0,0,0,0,0,0
HIRL,0,0,0,0,0,0,0.25,0.25,0,0.25,0,0,0,0,0.25,0,0,0,0,0
GS,0,0,0,0,0,0.5,0,0,0,0,0,0,0,0,0,0.5,0,0,0,0
EP,0,0,0,0.5,0,0,0,0,0,0,0,0,0.5,0,0,0,0,0,0,0
IG,0,0,0,0,0,0.5,0,0.5,0,0,0,0,0,0,0,0,0,0,0,0
RG,0,0,0,0,0,0.5,0,0,0,0,0,0,0,0,0.5,0,0,0,0,0
KDVPP,0,0,0.2,0,0,0,0,0,0.2,0,0,0,0.4,0,0,0,0,0.2,0,0
HPIKH,0,0,0,0,0,0,0.4,0.2,0.2,0,0,0,0.2,0,0,0,0,0,0,0
LALR,0.25,0,0,0,0,0,0,0,0,0.5,0,0,0,0,0.25,0,0,0,0,0
GI,0,0,0,0,0,0.5,0,0.5,0,0,0,0,0,0,0,0,0,0,0,0
VQ,0,0,0,0,0,0,0,0,0,0,0,0,0,0.5,0,0,0,0.5,0,0
AVF,0.333333333,0,0,0,0.333333333,0,0,0,0,0,0,0,0,0,0,0,0,0.333333333,0,0
GM,0,0,0,0,0,0.5,0,0,0,0,0.5,0,0,0,0,0,0,0,0,0
YG,0,0,0,0,0,0.5,0,0,0,0,0,0,0,0,0,0,0,0,0,0.5
SKVYPFPGPI,0,0,0,0,0.1,0.1,0,0.1,0.1,0,0,0,0.3,0,0,0.1,0,0.1,0,0.1
TK,0,0,0,0,0,0,0,0,0.5,0,0,0,0,0,0,0,0.5,0,0,0
HWTTQR,0,0,0,0,0,0,0.166666667,0,0,0,0,0,0,0.166666667,0.166666667,0,0.333333333,0,0.166666667,0
ALPH,0.25,0,0,0,0,0,0.25,0,0,0.25,0,0,0.25,0,0,0,0,0,0,0
AQK,0.333333333,0,0,0,0,0,0,0,0.333333333,0,0,0,0,0.333333333,0,0,0,0,0,0
FDART,0.2,0,0.2,0,0.2,0,0,0,0,0,0,0,0,0,0.2,0,0.2,0,0,0
DL,0,0,0.5,0,0,0,0,0,0,0.5,0,0,0,0,0,0,0,0,0,0
GA,0.5,0,0,0,0,0.5,0,0,0,0,0,0,0,0,0,0,0,0,0,0
VRSP,0,0,0,0,0,0,0,0,0,0,0,0,0.25,0,0.25,0.25,0,0.25,0,0
SVAKLE,0.166666667,0,0,0.166666667,0,0,0,0,0.166666667,0.166666667,0,0,0,0,0,0.166666667,0,0.166666667,0,0
NP,0,0,0,0,0,0,0,0,0,0,0,0.5,0.5,0,0,0,0,0,0,0
PYK,0,0,0,0,0,0,0,0,0.333333333,0,0,0,0.333333333,0,0,0,0,0,0,0.333333333
RL,0,0,0,0,0,0,0,0,0,0.5,0,0,0,0,0.5,0,0,0,0,0
LVRT,0,0,0,0,0,0,0,0,0,0.25,0,0,0,0,0.25,0,0.25,0.25,0,0
GL,0,0,0,0,0,0.5,0,0,0,0.5,0,0,0,0,0,0,0,0,0,0
AG,0.5,0,0,0,0,0.5,0,0,0,0,0,0,0,0,0,0,0,0,0,0
GVYPH,0,0,0,0,0,0.2,0.2,0,0,0,0,0,0.2,0,0,0,0,0.2,0,0.2
LGALPF,0.166666667,0,0,0,0.166666667,0.166666667,0,0,0,0.333333333,0,0,0.166666667,0,0,0,0,0,0,0
LKPTPEGN,0,0,0,0.125,0,0.125,0,0,0.125,0.125,0,0.125,0.25,0,0,0,0.125,0,0,0
DYG,0,0,0.333333333,0,0,0.333333333,0,0,0,0,0,0,0,0,0,0,0,0,0,0.333333333
LVNDLVTPVFDNL,0,0,0.153846154,0,0.076923077,0,0,0,0,0.230769231,0,0.153846154,0.076923077,0,0,0,0.076923077,0.230769231,0,0
YYA,0.333333333,0,0,0,0,0,0,0,0,0,0,0,0,0,0,0,0,0,0,0.666666667
GH,0,0,0,0,0,0.5,0.5,0,0,0,0,0,0,0,0,0,0,0,0,0
VYNEGLPAP,0.111111111,0,0,0.111111111,0,0.111111111,0,0,0,0.111111111,0,0.111111111,0.222222222,0,0,0,0,0.111111111,0,0.111111111
KG,0,0,0,0,0,0.5,0,0,0.5,0,0,0,0,0,0,0,0,0,0,0
AI,0.5,0,0,0,0,0,0,0.5,0,0,0,0,0,0,0,0,0,0,0,0
TTENVLFG,0,0,0,0.125,0.125,0.125,0,0,0,0.125,0,0.125,0,0,0,0,0.25,0.125,0,0
FG,0,0,0,0,0.5,0.5,0,0,0,0,0,0,0,0,0,0,0,0,0,0
TQPKTNAIPY,0.1,0,0,0,0,0,0,0.1,0.1,0,0,0.1,0.2,0.1,0,0,0.2,0,0,0.1
YYAPFE,0.166666667,0,0,0.166666667,0.166666667,0,0,0,0,0,0,0,0.166666667,0,0,0,0,0,0,0.333333333
DA,0.5,0,0.5,0,0,0,0,0,0,0,0,0,0,0,0,0,0,0,0,0
MAIPPKK,0.142857143,0,0,0,0,0,0,0.142857143,0.285714286,0,0.142857143,0,0.285714286,0,0,0,0,0,0,0
MG,0,0,0,0,0,0.5,0,0,0,0,0.5,0,0,0,0,0,0,0,0,0
VLPIPQ,0,0,0,0,0,0,0,0.166666667,0,0.166666667,0,0,0.333333333,0.166666667,0,0,0,0.166666667,0,0
GE,0,0,0,0.5,0,0.5,0,0,0,0,0,0,0,0,0,0,0,0,0,0
GT,0,0,0,0,0,0.5,0,0,0,0,0,0,0,0,0,0,0.5,0,0,0
HG,0,0,0,0,0,0.5,0.5,0,0,0,0,0,0,0,0,0,0,0,0,0
VG,0,0,0,0,0,0.5,0,0,0,0,0,0,0,0,0,0,0,0.5,0,0
ALEP,0.25,0,0,0.25,0,0,0,0,0,0.25,0,0,0.25,0,0,0,0,0,0,0
MK,0,0,0,0,0,0,0,0,0.5,0,0.5,0,0,0,0,0,0,0,0,0
WTFR,0,0,0,0,0.25,0,0,0,0,0,0,0,0,0,0.25,0,0.25,0,0.25,0
GQ,0,0,0,0,0,0.5,0,0,0,0,0,0,0,0.5,0,0,0,0,0,0
FQ,0,0,0,0,0.5,0,0,0,0,0,0,0,0,0.5,0,0,0,0,0,0
QG,0,0,0,0,0,0.5,0,0,0,0,0,0,0,0.5,0,0,0,0,0,0
SG,0,0,0,0,0,0.5,0,0,0,0,0,0,0,0,0,0.5,0,0,0,0
GG,0,0,0,0,0,1,0,0,0,0,0,0,0,0,0,0,0,0,0,0
LG,0,0,0,0,0,0.5,0,0,0,0.5,0,0,0,0,0,0,0,0,0,0
GD,0,0,0.5,0,0,0.5,0,0,0,0,0,0,0,0,0,0,0,0,0,0
TG,0,0,0,0,0,0.5,0,0,0,0,0,0,0,0,0,0,0.5,0,0,0
EG,0,0,0,0.5,0,0.5,0,0,0,0,0,0,0,0,0,0,0,0,0,0
YGG,0,0,0,0,0,0.666666667,0,0,0,0,0,0,0,0,0,0,0,0,0,0.333333333
NG,0,0,0,0,0,0.5,0,0,0,0,0,0.5,0,0,0,0,0,0,0,0
PG,0,0,0,0,0,0.5,0,0,0,0,0,0,0.5,0,0,0,0,0,0,0
VVG,0,0,0,0,0,0.333333333,0,0,0,0,0,0,0,0,0,0,0,0.666666667,0,0
VAE,0.333333333,0,0,0.333333333,0,0,0,0,0,0,0,0,0,0,0,0,0,0.333333333,0,0
YQIGL,0,0,0,0,0,0.2,0,0.2,0,0.2,0,0,0,0.2,0,0,0,0,0,0.2
AAATPL,0.5,0,0,0,0,0,0,0,0,0.166666667,0,0,0.166666667,0,0,0,0.166666667,0,0,0
ADHP,0.25,0,0.25,0,0,0,0.25,0,0,0,0,0,0.25,0,0,0,0,0,0,0
AGLAPY,0.333333333,0,0,0,0,0.166666667,0,0,0,0.166666667,0,0,0.166666667,0,0,0,0,0,0,0.166666667
AGLP,0.25,0,0,0,0,0.25,0,0,0,0.25,0,0,0.25,0,0,0,0,0,0,0
AL,0.5,0,0,0,0,0,0,0,0,0.5,0,0,0,0,0,0,0,0,0,0
AMQS,0.25,0,0,0,0,0,0,0,0,0,0.25,0,0,0.25,0,0.25,0,0,0,0
ASYDTKFE,0.125,0,0.125,0.125,0.125,0,0,0,0.125,0,0,0,0,0,0,0.125,0.125,0,0,0.125
AYPS,0.25,0,0,0,0,0,0,0,0,0,0,0,0.25,0,0,0.25,0,0,0,0.25
DKIHPF,0,0,0.166666667,0,0.166666667,0,0.166666667,0.166666667,0.166666667,0,0,0,0.166666667,0,0,0,0,0,0,0
DLQGK,0,0,0.2,0,0,0.2,0,0,0.2,0.2,0,0,0,0.2,0,0,0,0,0,0
DTGP,0,0,0.25,0,0,0.25,0,0,0,0,0,0,0.25,0,0,0,0.25,0,0,0
EAPPK,0.2,0,0,0.2,0,0,0,0,0.2,0,0,0,0.4,0,0,0,0,0,0,0
EEYPDL,0,0,0.166666667,0.333333333,0,0,0,0,0,0.166666667,0,0,0.166666667,0,0,0,0,0,0,0.166666667
EK,0,0,0,0.5,0,0,0,0,0.5,0,0,0,0,0,0,0,0,0,0,0
ELIN,0,0,0,0.25,0,0,0,0.25,0,0.25,0,0.25,0,0,0,0,0,0,0,0
ENLHLP,0,0,0,0.166666667,0,0,0.166666667,0,0,0.333333333,0,0.166666667,0.166666667,0,0,0,0,0,0,0
EPR,0,0,0,0.333333333,0,0,0,0,0,0,0,0,0.333333333,0,0.333333333,0,0,0,0,0
ESI,0,0,0,0.333333333,0,0,0,0.333333333,0,0,0,0,0,0,0,0.333333333,0,0,0,0
ESIINF,0,0,0,0.166666667,0.166666667,0,0,0.333333333,0,0,0,0.166666667,0,0,0,0.166666667,0,0,0,0
EVLP,0,0,0,0.25,0,0,0,0,0,0.25,0,0,0.25,0,0,0,0,0.25,0,0
FEGTVFENG,0,0,0,0.222222222,0.222222222,0.222222222,0,0,0,0,0,0.111111111,0,0,0,0,0.111111111,0.111111111,0,0
FVEPIP,0,0,0,0.166666667,0.166666667,0,0,0.166666667,0,0,0,0,0.333333333,0,0,0,0,0.166666667,0,0
GGDDL,0,0,0.4,0,0,0.4,0,0,0,0.2,0,0,0,0,0,0,0,0,0,0
GGFIE,0,0,0,0.2,0.2,0.4,0,0.2,0,0,0,0,0,0,0,0,0,0,0,0
GGLEPI,0,0,0,0.166666667,0,0.333333333,0,0.166666667,0,0.166666667,0,0,0.166666667,0,0,0,0,0,0,0
GNGGA,0.2,0,0,0,0,0.6,0,0,0,0,0,0.2,0,0,0,0,0,0,0,0
GPR,0,0,0,0,0,0.333333333,0,0,0,0,0,0,0.333333333,0,0.333333333,0,0,0,0,0
GV,0,0,0,0,0,0.5,0,0,0,0,0,0,0,0,0,0,0,0.5,0,0
GVDNPGHPF,0,0,0.111111111,0,0.111111111,0.222222222,0.111111111,0,0,0,0,0.111111111,0.222222222,0,0,0,0,0.111111111,0,0
HA,0.5,0,0,0,0,0,0.5,0,0,0,0,0,0,0,0,0,0,0,0,0
HAEIN,0.2,0,0,0.2,0,0,0.2,0.2,0,0,0,0.2,0,0,0,0,0,0,0,0
HANENIF,0.142857143,0,0,0.142857143,0.142857143,0,0.142857143,0.142857143,0,0,0,0.285714286,0,0,0,0,0,0,0,0
HIK,0,0,0,0,0,0,0.333333333,0.333333333,0.333333333,0,0,0,0,0,0,0,0,0,0,0
HIKW,0,0,0,0,0,0,0.25,0.25,0.25,0,0,0,0,0,0,0,0,0,0.25,0
HKEMPFPKY,0,0,0,0.111111111,0.111111111,0,0.111111111,0,0.222222222,0,0.111111111,0,0.222222222,0,0,0,0,0,0,0.111111111
HLPPPV,0,0,0,0,0,0,0.166666667,0,0,0.166666667,0,0,0.5,0,0,0,0,0.166666667,0,0
HQDF,0,0,0.25,0,0.25,0,0.25,0,0,0,0,0,0,0.25,0,0,0,0,0,0
HSGIQSEPKAIP,0.083333333,0,0,0.083333333,0,0.083333333,0.083333333,0.166666667,0.083333333,0,0,0,0.166666667,0.083333333,0,0.166666667,0,0,0,0
IFENLQN,0,0,0,0.142857143,0.142857143,0,0,0.142857143,0,0.142857143,0,0.285714286,0,0.142857143,0,0,0,0,0,0
IGGSI,0,0,0,0,0,0.4,0,0.4,0,0,0,0,0,0,0,0.2,0,0,0,0
IIPLEN,0,0,0,0.166666667,0,0,0,0.333333333,0,0.166666667,0,0.166666667,0.166666667,0,0,0,0,0,0,0
INDPF,0,0,0.2,0,0.2,0,0,0.2,0,0,0,0.2,0.2,0,0,0,0,0,0,0
KAEEEYPDL,0.111111111,0,0.111111111,0.333333333,0,0,0,0,0.111111111,0.111111111,0,0,0.111111111,0,0,0,0,0,0,0.111111111
KDQGSYEDF,0,0,0.222222222,0.111111111,0.111111111,0.111111111,0,0,0.111111111,0,0,0,0,0.111111111,0,0.111111111,0,0,0,0.111111111
KFHSGIQSEPKAIP,0.071428571,0,0,0.071428571,0.071428571,0.071428571,0.071428571,0.142857143,0.142857143,0,0,0,0.142857143,0.071428571,0,0.142857143,0,0,0,0
KGLWE,0,0,0,0.2,0,0.2,0,0,0.2,0.2,0,0,0,0,0,0,0,0,0.2,0
KHQDFF,0,0,0.166666667,0,0.333333333,0,0.166666667,0,0.166666667,0,0,0,0,0.166666667,0,0,0,0,0,0
KLEK,0,0,0,0.25,0,0,0,0,0.5,0.25,0,0,0,0,0,0,0,0,0,0
KLSDW,0,0,0.2,0,0,0,0,0,0.2,0.2,0,0,0,0,0,0.2,0,0,0.2,0
KTEIPTIN,0,0,0,0.125,0,0,0,0.25,0.125,0,0,0.125,0.125,0,0,0,0.25,0,0,0
LEIVPK,0,0,0,0.166666667,0,0,0,0.166666667,0.166666667,0.166666667,0,0,0.166666667,0,0,0,0,0.166666667,0,0
LENLHLP,0,0,0,0.142857143,0,0,0.142857143,0,0,0.428571429,0,0.142857143,0.142857143,0,0,0,0,0,0,0
LK,0,0,0,0,0,0,0,0,0.5,0.5,0,0,0,0,0,0,0,0,0,0
LLNP,0,0,0,0,0,0,0,0,0,0.5,0,0.25,0.25,0,0,0,0,0,0,0
LNSLT,0,0,0,0,0,0,0,0,0,0.4,0,0.2,0,0,0,0.2,0.2,0,0,0
LNVVGETVE,0,0,0,0.222222222,0,0.111111111,0,0,0,0.111111111,0,0.111111111,0,0,0,0,0.111111111,0.333333333,0,0
LPPP,0,0,0,0,0,0,0,0,0,0.25,0,0,0.75,0,0,0,0,0,0,0
LPPPVH,0,0,0,0,0,0,0.166666667,0,0,0.166666667,0,0,0.5,0,0,0,0,0.166666667,0,0
LSSGDVF,0,0,0.142857143,0,0.142857143,0.142857143,0,0,0,0.142857143,0,0,0,0,0,0.285714286,0,0.142857143,0,0
LTDLENLHLP,0,0,0.1,0.1,0,0,0.1,0,0,0.4,0,0.1,0.1,0,0,0,0.1,0,0,0
LTFPG,0,0,0,0,0.2,0.2,0,0,0,0.2,0,0,0.2,0,0,0,0.2,0,0,0
MMVPI,0,0,0,0,0,0,0,0.2,0,0,0.4,0,0.2,0,0,0,0,0.2,0,0
NAGPFTPTVNREQLSTS,0.058823529,0,0,0.058823529,0.058823529,0.058823529,0,0,0,0.058823529,0,0.117647059,0.117647059,0.058823529,0.058823529,0.117647059,0.176470588,0.058823529,0,0
NF,0,0,0,0,0.5,0,0,0,0,0,0,0.5,0,0,0,0,0,0,0,0
NIIPA,0.2,0,0,0,0,0,0,0.4,0,0,0,0.2,0.2,0,0,0,0,0,0,0
NKPGDML,0,0,0.142857143,0,0,0.142857143,0,0,0.142857143,0.142857143,0.142857143,0.142857143,0.142857143,0,0,0,0,0,0,0
NVR,0,0,0,0,0,0,0,0,0,0,0,0.333333333,0,0,0.333333333,0,0,0.333333333,0,0
PAAPPK,0.333333333,0,0,0,0,0,0,0,0.166666667,0,0,0,0.5,0,0,0,0,0,0,0
PAGPR,0.2,0,0,0,0,0.2,0,0,0,0,0,0,0.4,0,0.2,0,0,0,0,0
PAGPVG,0.166666667,0,0,0,0,0.333333333,0,0,0,0,0,0,0.333333333,0,0,0,0,0.166666667,0,0
PER,0,0,0,0.333333333,0,0,0,0,0,0,0,0,0.333333333,0,0.333333333,0,0,0,0,0
PFPE,0,0,0,0.25,0.25,0,0,0,0,0,0,0,0.5,0,0,0,0,0,0,0
PGR,0,0,0,0,0,0.333333333,0,0,0,0,0,0,0.333333333,0,0.333333333,0,0,0,0,0
PHA,0.333333333,0,0,0,0,0,0.333333333,0,0,0,0,0,0.333333333,0,0,0,0,0,0,0
PNSHP,0,0,0,0,0,0,0.2,0,0,0,0,0.2,0.4,0,0,0.2,0,0,0,0
PP,0,0,0,0,0,0,0,0,0,0,0,0,1,0,0,0,0,0,0,0
PPK,0,0,0,0,0,0,0,0,0.333333333,0,0,0,0.666666667,0,0,0,0,0,0,0
PPL,0,0,0,0,0,0,0,0,0,0.333333333,0,0,0.666666667,0,0,0,0,0,0,0
PTFIAW,0.166666667,0,0,0,0.166666667,0,0,0.166666667,0,0,0,0,0.166666667,0,0,0,0.166666667,0,0.166666667,0
PTPVP,0,0,0,0,0,0,0,0,0,0,0,0,0.6,0,0,0,0.2,0.2,0,0
PVQ,0,0,0,0,0,0,0,0,0,0,0,0,0.333333333,0.333333333,0,0,0,0.333333333,0,0
QAFP,0.25,0,0,0,0.25,0,0,0,0,0,0,0,0.25,0.25,0,0,0,0,0,0
QDNSRYTHFLTQHYDAFPQGR,0.047619048,0,0.095238095,0,0.095238095,0.047619048,0.095238095,0,0,0.047619048,0,0.047619048,0.047619048,0.142857143,0.095238095,0.047619048,0.095238095,0,0,0.095238095
QEVLP,0,0,0,0.2,0,0,0,0,0,0.2,0,0,0.2,0.2,0,0,0,0.2,0,0
QNILP,0,0,0,0,0,0,0,0.2,0,0.2,0,0.2,0.2,0.2,0,0,0,0,0,0
QSLTL,0,0,0,0,0,0,0,0,0,0.4,0,0,0,0.2,0,0.2,0.2,0,0,0
QVTSTAV,0.142857143,0,0,0,0,0,0,0,0,0,0,0,0,0.142857143,0,0.142857143,0.285714286,0.285714286,0,0
RADHPF,0.166666667,0,0.166666667,0,0.166666667,0,0.166666667,0,0,0,0,0,0.166666667,0,0.166666667,0,0,0,0,0
RELEEL,0,0,0,0.5,0,0,0,0,0,0.333333333,0,0,0,0,0.166666667,0,0,0,0,0
RELKDL,0,0,0.166666667,0.166666667,0,0,0,0,0.166666667,0.333333333,0,0,0,0,0.166666667,0,0,0,0,0
RINK,0,0,0,0,0,0,0,0.25,0.25,0,0,0.25,0,0,0.25,0,0,0,0,0
RINKK,0,0,0,0,0,0,0,0.2,0.4,0,0,0.2,0,0,0.2,0,0,0,0,0
RPKH,0,0,0,0,0,0,0.25,0,0.25,0,0,0,0.25,0,0.25,0,0,0,0,0
RPKHPI,0,0,0,0,0,0,0.166666667,0.166666667,0.166666667,0,0,0,0.333333333,0,0.166666667,0,0,0,0,0
RPKHPIKHQ,0,0,0,0,0,0,0.222222222,0.111111111,0.222222222,0,0,0,0.222222222,0.111111111,0.111111111,0,0,0,0,0
SAGPM,0.2,0,0,0,0,0.2,0,0,0,0,0.2,0,0.2,0,0,0.2,0,0,0,0
TGPIPNSLPQ,0,0,0,0,0,0.1,0,0.1,0,0.1,0,0.1,0.3,0.1,0,0.1,0.1,0,0,0
TPSPR,0,0,0,0,0,0,0,0,0,0,0,0,0.4,0,0.2,0.2,0.2,0,0,0
TVQVTSTAV,0.111111111,0,0,0,0,0,0,0,0,0,0,0,0,0.111111111,0,0.111111111,0.333333333,0.333333333,0,0
VGGPR,0,0,0,0,0,0.4,0,0,0,0,0,0,0.2,0,0.2,0,0,0.2,0,0
VGPR,0,0,0,0,0,0.25,0,0,0,0,0,0,0.25,0,0.25,0,0,0.25,0,0
VIGSPPEIN,0,0,0,0.111111111,0,0.111111111,0,0.222222222,0,0,0,0.111111111,0.222222222,0,0,0.111111111,0,0.111111111,0,0
VLGPVRGPFPIIV,0,0,0,0,0.076923077,0.153846154,0,0.153846154,0,0.076923077,0,0,0.230769231,0,0.076923077,0,0,0.230769231,0,0
VLLPDEVSGL,0,0,0.1,0.1,0,0.1,0,0,0,0.3,0,0,0.1,0,0,0.1,0,0.2,0,0
VLPEI,0,0,0,0.2,0,0,0,0.2,0,0.2,0,0,0.2,0,0,0,0,0.2,0,0
VPPAK,0.2,0,0,0,0,0,0,0,0.2,0,0,0,0.4,0,0,0,0,0.2,0,0
VPQP,0,0,0,0,0,0,0,0,0,0,0,0,0.5,0.25,0,0,0,0.25,0,0
VQVTSTAV,0.125,0,0,0,0,0,0,0,0,0,0,0,0,0.125,0,0.125,0.25,0.375,0,0
VVVPPF,0,0,0,0,0.166666667,0,0,0,0,0,0,0,0.333333333,0,0,0,0,0.5,0,0
WIHNENQGF,0,0,0,0.111111111,0.111111111,0.111111111,0.111111111,0.111111111,0,0,0,0.222222222,0,0.111111111,0,0,0,0,0.111111111,0
YAEER,0.2,0,0,0.4,0,0,0,0,0,0,0,0,0,0,0.2,0,0,0,0,0.2
YPF,0,0,0,0,0.333333333,0,0,0,0,0,0,0,0.333333333,0,0,0,0,0,0,0.333333333
YPGIA,0.2,0,0,0,0,0.2,0,0.2,0,0,0,0,0.2,0,0,0,0,0,0,0.2
YPIL,0,0,0,0,0,0,0,0.25,0,0.25,0,0,0.25,0,0,0,0,0,0,0.25
YRGGLEPINF,0,0,0,0.1,0.1,0.2,0,0.1,0,0.1,0,0.1,0.1,0,0.1,0,0,0,0,0.1